PackageID,Country,Description,EventDateUtc
14769A0001611061,US,"Parcel Data Received, Shipment In Route To US Export Warehouse","2023-11-10 17:41:26"
14769A0001611061,US,"Parcel Order Scanned","2023-11-14 18:38:49"
14769A0001611061,US,"Parcel order manifested, ready for export ","2023-11-17 20:07:33"
14769A0001611143,US,"Parcel Data Received, Shipment In Route To US Export Warehouse","2023-11-10 17:41:26"
14769A0001611143,US,"Parcel Order Scanned","2023-11-14 18:50:51"
14769A0001611143,US,"Parcel order manifested, ready for export ","2023-11-17 19:25:21"
17009P1113230000036898,NULL,"Parcel Order Scanned","2023-11-17 22:17:31"
17009P1113230000036898,NULL,"Parcel Data Received, Shipment In Route To US Export Warehouse","2023-11-13 16:22:27"
17009P1113230000036898,US,"Parcel order manifested, ready for export ","2023-11-18 18:25:55"
17009P1115230000037992,NULL,"Parcel Order Scanned","2023-11-17 22:12:16"
17009P1115230000037992,NULL,"Parcel Data Received, Shipment In Route To US Export Warehouse","2023-11-15 16:40:50"
17009P1115230000037992,US,"Parcel order manifested, ready for export ","2023-11-18 18:25:55"
17009P1114230000037535,NULL,"Parcel Order Scanned","2023-11-17 22:11:10"
17009P1114230000037535,NULL,"Parcel Data Received, Shipment In Route To US Export Warehouse","2023-11-14 16:21:25"
17009P1114230000037535,US,"Parcel order manifested, ready for export ","2023-11-18 18:25:55"
17009P1115230000037909,NULL,"Parcel Order Scanned","2023-11-17 22:05:50"
17009P1115230000037909,NULL,"Parcel Data Received, Shipment In Route To US Export Warehouse","2023-11-15 14:18:55"
17009P1115230000037909,US,"Parcel order manifested, ready for export ","2023-11-18 18:25:55"
17009P1115230000037911,NULL,"Parcel Order Scanned","2023-11-17 22:05:32"
17009P1115230000037911,NULL,"Parcel Data Received, Shipment In Route To US Export Warehouse","2023-11-15 14:19:01"
17009P1115230000037911,US,"Parcel order manifested, ready for export ","2023-11-18 18:25:55"
17009P1114230000037502,NULL,"Parcel Order Scanned","2023-11-17 21:58:27"
17009P1114230000037502,NULL,"Parcel Data Received, Shipment In Route To US Export Warehouse","2023-11-14 15:42:57"
17009P1114230000037502,US,"Parcel order manifested, ready for export ","2023-11-18 18:25:55"
17009P1113230000036886,NULL,"Parcel Order Scanned","2023-11-17 21:57:21"
17009P1113230000036886,NULL,"Parcel Data Received, Shipment In Route To US Export Warehouse","2023-11-13 15:57:40"
17009P1113230000036886,US,"Parcel order manifested, ready for export ","2023-11-18 18:25:55"
17009P1114230000037503,NULL,"Parcel Order Scanned","2023-11-17 21:57:07"
17009P1114230000037503,NULL,"Parcel Data Received, Shipment In Route To US Export Warehouse","2023-11-14 15:43:02"
17009P1114230000037503,US,"Parcel order manifested, ready for export ","2023-11-18 18:25:55"
17009P1113230000037243,NULL,"Parcel Order Scanned","2023-11-17 21:54:29"
17009P1113230000037243,NULL,"Parcel Data Received, Shipment In Route To US Export Warehouse","2023-11-13 22:39:43"
17009P1113230000037243,US,"Parcel order manifested, ready for export ","2023-11-18 18:23:08"
17009P1116230000038545,NULL,"Parcel Order Scanned","2023-11-17 21:53:43"
17009P1116230000038545,NULL,"Parcel Data Received, Shipment In Route To US Export Warehouse","2023-11-16 17:16:32"
17009P1116230000038545,US,"Parcel order manifested, ready for export ","2023-11-18 18:26:21"
17009P1116230000038548,NULL,"Parcel Order Scanned","2023-11-17 21:52:06"
17009P1116230000038548,NULL,"Parcel Data Received, Shipment In Route To US Export Warehouse","2023-11-16 17:18:59"
17009P1116230000038548,US,"Parcel order manifested, ready for export ","2023-11-18 18:25:56"
17009P1116230000038531,NULL,"Parcel Order Scanned","2023-11-17 21:49:30"
17009P1116230000038531,NULL,"Parcel Data Received, Shipment In Route To US Export Warehouse","2023-11-16 17:12:44"
17009P1116230000038531,US,"Parcel order manifested, ready for export ","2023-11-18 18:23:09"
17009P1115230000038343,NULL,"Parcel Order Scanned","2023-11-17 21:46:39"
17009P1115230000038343,NULL,"Parcel Data Received, Shipment In Route To US Export Warehouse","2023-11-15 23:20:58"
17009P1115230000038343,US,"Parcel order manifested, ready for export ","2023-11-18 18:26:21"
17009P1110230000036251,NULL,"Parcel Order Scanned","2023-11-17 21:44:44"
17009P1110230000036251,NULL,"Parcel Data Received, Shipment In Route To US Export Warehouse","2023-11-10 23:07:45"
17009P1110230000036251,US,"Parcel order manifested, ready for export ","2023-11-18 18:26:18"
1862801260053089,NULL,"Parcel Order Scanned","2023-11-17 21:15:14"
1862801260053089,NULL,"Parcel Data Received, Shipment In Route To US Export Warehouse","2023-11-17 14:07:35"
1862801260053089,US,"Parcel order manifested, ready for export ","2023-11-18 18:25:59"
179540126298416,NULL,"Parcel Order Scanned","2023-11-17 20:45:38"
179540126298416,NULL,"Parcel Data Received, Shipment In Route To US Export Warehouse","2023-11-10 13:31:44"
179540126298416,US,"Parcel order manifested, ready for export ","2023-11-18 18:23:08"
1862801260053188,NULL,"Parcel Order Scanned","2023-11-17 20:16:55"
1862801260053188,NULL,"Parcel Data Received, Shipment In Route To US Export Warehouse","2023-11-17 14:07:35"
1862801260053188,US,"Parcel order manifested, ready for export ","2023-11-18 18:25:59"
179540126298583,NULL,"Parcel Order Scanned","2023-11-17 19:32:33"
179540126298583,NULL,"Parcel Data Received, Shipment In Route To US Export Warehouse","2023-11-14 13:31:59"
179540126298583,US,"Parcel order manifested, ready for export ","2023-11-18 18:25:55"
1862801260052762,NULL,"Parcel Data Received, Shipment In Route To US Export Warehouse","2023-11-17 16:07:26"
1862801260052762,NULL,"Parcel Order Scanned","2023-11-17 20:01:00"
1862801260052762,US,"Parcel order manifested, ready for export ","2023-11-17 23:44:34"
1862801260052687,NULL,"Parcel Data Received, Shipment In Route To US Export Warehouse","2023-11-17 16:07:26"
1862801260052687,NULL,"Parcel Order Scanned","2023-11-17 19:46:28"
1862801260052687,US,"Parcel order manifested, ready for export ","2023-11-17 23:44:33"
1862801260052730,NULL,"Parcel Data Received, Shipment In Route To US Export Warehouse","2023-11-17 16:07:26"
1862801260052730,NULL,"Parcel Order Scanned","2023-11-17 20:36:59"
1862801260052730,US,"Parcel order manifested, ready for export ","2023-11-18 18:26:00"
1862801260052710,NULL,"Parcel Data Received, Shipment In Route To US Export Warehouse","2023-11-17 16:07:26"
1862801260052710,NULL,"Parcel Order Scanned","2023-11-17 20:32:47"
1862801260052710,US,"Parcel order manifested, ready for export ","2023-11-18 18:26:00"
1862801260052721,NULL,"Parcel Data Received, Shipment In Route To US Export Warehouse","2023-11-17 16:07:26"
1862801260052721,NULL,"Parcel Order Scanned","2023-11-17 20:26:37"
1862801260052721,US,"Parcel order manifested, ready for export ","2023-11-18 18:26:00"
1862801260052701,NULL,"Parcel Data Received, Shipment In Route To US Export Warehouse","2023-11-17 16:07:26"
1862801260052701,NULL,"Parcel Order Scanned","2023-11-17 20:33:22"
1862801260052701,US,"Parcel order manifested, ready for export ","2023-11-18 18:26:00"
1862801260052744,NULL,"Parcel Data Received, Shipment In Route To US Export Warehouse","2023-11-17 16:07:26"
1862801260052744,NULL,"Parcel Order Scanned","2023-11-17 20:08:08"
1862801260052744,US,"Parcel order manifested, ready for export ","2023-11-18 18:26:00"
1862801260052735,NULL,"Parcel Data Received, Shipment In Route To US Export Warehouse","2023-11-17 16:07:26"
1862801260052735,NULL,"Parcel Order Scanned","2023-11-17 20:23:54"
1862801260052735,US,"Parcel order manifested, ready for export ","2023-11-18 18:23:09"
1862801260052778,NULL,"Parcel Data Received, Shipment In Route To US Export Warehouse","2023-11-17 16:07:26"
1862801260052778,NULL,"Parcel Order Scanned","2023-11-17 19:48:38"
1862801260052778,US,"Parcel order manifested, ready for export ","2023-11-17 23:43:42"
1862801260052712,NULL,"Parcel Data Received, Shipment In Route To US Export Warehouse","2023-11-17 16:07:26"
1862801260052712,NULL,"Parcel Order Scanned","2023-11-17 20:19:07"
1862801260052712,US,"Parcel order manifested, ready for export ","2023-11-18 18:26:00"
1862801260052678,NULL,"Parcel Data Received, Shipment In Route To US Export Warehouse","2023-11-17 16:07:26"
1862801260052678,NULL,"Parcel Order Scanned","2023-11-17 20:17:21"
1862801260052678,US,"Parcel order manifested, ready for export ","2023-11-18 18:26:22"
1862801260052746,NULL,"Parcel Data Received, Shipment In Route To US Export Warehouse","2023-11-17 16:07:26"
1862801260052746,NULL,"Parcel Order Scanned","2023-11-17 20:00:01"
1862801260052746,US,"Parcel order manifested, ready for export ","2023-11-17 23:44:34"
1862801260052769,NULL,"Parcel Data Received, Shipment In Route To US Export Warehouse","2023-11-17 16:07:26"
1862801260052769,NULL,"Parcel Order Scanned","2023-11-17 19:56:25"
1862801260052769,US,"Parcel order manifested, ready for export ","2023-11-18 18:26:22"
1862801260052703,NULL,"Parcel Data Received, Shipment In Route To US Export Warehouse","2023-11-17 16:07:26"
1862801260052703,NULL,"Parcel Order Scanned","2023-11-17 19:42:23"
1862801260052703,US,"Parcel order manifested, ready for export ","2023-11-18 18:26:00"
1862801260052680,NULL,"Parcel Data Received, Shipment In Route To US Export Warehouse","2023-11-17 16:07:26"
1862801260052680,NULL,"Parcel Order Scanned","2023-11-17 20:38:31"
1862801260052680,US,"Parcel order manifested, ready for export ","2023-11-18 18:23:09"
1862801260052780,NULL,"Parcel Data Received, Shipment In Route To US Export Warehouse","2023-11-17 16:07:26"
1862801260052780,NULL,"Parcel Order Scanned","2023-11-17 19:37:33"
1862801260052780,US,"Parcel order manifested, ready for export ","2023-11-17 23:44:36"
1862801260052671,NULL,"Parcel Data Received, Shipment In Route To US Export Warehouse","2023-11-17 16:07:26"
1862801260052671,NULL,"Parcel Order Scanned","2023-11-17 20:27:51"
1862801260052671,US,"Parcel order manifested, ready for export ","2023-11-17 23:44:33"
1862801260052694,NULL,"Parcel Data Received, Shipment In Route To US Export Warehouse","2023-11-17 16:07:26"
1862801260052694,NULL,"Parcel Order Scanned","2023-11-17 20:13:57"
1862801260052694,US,"Parcel order manifested, ready for export ","2023-11-18 18:26:00"
1862801260052705,NULL,"Parcel Data Received, Shipment In Route To US Export Warehouse","2023-11-17 16:07:26"
1862801260052705,NULL,"Parcel Order Scanned","2023-11-17 20:18:18"
1862801260052705,US,"Parcel order manifested, ready for export ","2023-11-17 23:44:34"
1862801260052685,NULL,"Parcel Data Received, Shipment In Route To US Export Warehouse","2023-11-17 16:07:26"
1862801260052685,NULL,"Parcel Order Scanned","2023-11-17 20:24:41"
1862801260052685,US,"Parcel order manifested, ready for export ","2023-11-18 18:26:00"
1862801260052771,NULL,"Parcel Data Received, Shipment In Route To US Export Warehouse","2023-11-17 16:07:26"
1862801260052771,NULL,"Parcel Order Scanned","2023-11-17 20:06:35"
1862801260052771,US,"Parcel order manifested, ready for export ","2023-11-18 18:26:22"
1862801260052739,NULL,"Parcel Data Received, Shipment In Route To US Export Warehouse","2023-11-17 16:07:26"
1862801260052739,NULL,"Parcel Order Scanned","2023-11-17 20:02:02"
1862801260052739,US,"Parcel order manifested, ready for export ","2023-11-17 23:44:34"
1862801260052722,NULL,"Parcel Data Received, Shipment In Route To US Export Warehouse","2023-11-17 16:07:26"
1862801260052722,NULL,"Parcel Order Scanned","2023-11-17 20:32:57"
1862801260052722,US,"Parcel order manifested, ready for export ","2023-11-17 23:44:34"
1862801260052690,NULL,"Parcel Data Received, Shipment In Route To US Export Warehouse","2023-11-17 16:07:26"
1862801260052690,NULL,"Parcel Order Scanned","2023-11-17 20:13:37"
1862801260052690,US,"Parcel order manifested, ready for export ","2023-11-17 23:44:33"
1862801260052776,NULL,"Parcel Data Received, Shipment In Route To US Export Warehouse","2023-11-17 16:07:26"
1862801260052776,NULL,"Parcel Order Scanned","2023-11-17 19:53:41"
1862801260052776,US,"Parcel order manifested, ready for export ","2023-11-17 23:44:36"
1862801260052773,NULL,"Parcel Data Received, Shipment In Route To US Export Warehouse","2023-11-17 16:07:26"
1862801260052773,NULL,"Parcel Order Scanned","2023-11-17 18:59:42"
1862801260052773,US,"Parcel order manifested, ready for export ","2023-11-18 18:26:22"
1862801260052707,NULL,"Parcel Data Received, Shipment In Route To US Export Warehouse","2023-11-17 16:07:26"
1862801260052707,NULL,"Parcel Order Scanned","2023-11-17 20:28:35"
1862801260052707,US,"Parcel order manifested, ready for export ","2023-11-18 18:26:22"
1862801260052775,NULL,"Parcel Data Received, Shipment In Route To US Export Warehouse","2023-11-17 16:07:26"
1862801260052775,NULL,"Parcel Order Scanned","2023-11-17 19:37:21"
1862801260052775,US,"Parcel order manifested, ready for export ","2023-11-18 18:26:00"
1862801260052758,NULL,"Parcel Data Received, Shipment In Route To US Export Warehouse","2023-11-17 16:07:26"
1862801260052758,NULL,"Parcel Order Scanned","2023-11-17 19:53:25"
1862801260052758,US,"Parcel order manifested, ready for export ","2023-11-18 18:26:00"
1862801260052706,NULL,"Parcel Data Received, Shipment In Route To US Export Warehouse","2023-11-17 16:07:26"
1862801260052706,NULL,"Parcel Order Scanned","2023-11-17 20:37:34"
1862801260052706,US,"Parcel order manifested, ready for export ","2023-11-18 18:23:09"
1862801260052689,NULL,"Parcel Data Received, Shipment In Route To US Export Warehouse","2023-11-17 16:07:26"
1862801260052689,NULL,"Parcel Order Scanned","2023-11-17 20:15:38"
1862801260052689,US,"Parcel order manifested, ready for export ","2023-11-18 18:23:09"
1862801260052709,NULL,"Parcel Data Received, Shipment In Route To US Export Warehouse","2023-11-17 16:07:26"
1862801260052709,NULL,"Parcel Order Scanned","2023-11-17 20:20:26"
1862801260052709,US,"Parcel order manifested, ready for export ","2023-11-17 23:44:34"
1862801260052740,NULL,"Parcel Data Received, Shipment In Route To US Export Warehouse","2023-11-17 16:07:26"
1862801260052740,NULL,"Parcel Order Scanned","2023-11-17 19:51:27"
1862801260052740,US,"Parcel order manifested, ready for export ","2023-11-18 18:26:00"
1862801260052774,NULL,"Parcel Data Received, Shipment In Route To US Export Warehouse","2023-11-17 16:07:26"
1862801260052774,NULL,"Parcel Order Scanned","2023-11-17 19:43:07"
1862801260052774,US,"Parcel order manifested, ready for export ","2023-11-18 18:26:00"
1862801260052757,NULL,"Parcel Data Received, Shipment In Route To US Export Warehouse","2023-11-17 16:07:26"
1862801260052757,NULL,"Parcel Order Scanned","2023-11-17 20:05:08"
1862801260052757,US,"Parcel order manifested, ready for export ","2023-11-18 18:26:00"
1862801260052708,NULL,"Parcel Data Received, Shipment In Route To US Export Warehouse","2023-11-17 16:07:26"
1862801260052708,NULL,"Parcel Order Scanned","2023-11-17 19:46:15"
1862801260052708,US,"Parcel order manifested, ready for export ","2023-11-18 18:26:22"
1862801260052716,NULL,"Parcel Data Received, Shipment In Route To US Export Warehouse","2023-11-17 16:07:26"
1862801260052716,NULL,"Parcel Order Scanned","2023-11-17 20:20:11"
1862801260052716,US,"Parcel order manifested, ready for export ","2023-11-17 23:44:34"
1862801260052750,NULL,"Parcel Data Received, Shipment In Route To US Export Warehouse","2023-11-17 16:07:26"
1862801260052750,NULL,"Parcel Order Scanned","2023-11-17 19:42:42"
1862801260052750,US,"Parcel order manifested, ready for export ","2023-11-17 23:44:34"
1862801260052767,NULL,"Parcel Data Received, Shipment In Route To US Export Warehouse","2023-11-17 16:07:26"
1862801260052767,NULL,"Parcel Order Scanned","2023-11-17 19:36:21"
1862801260052767,US,"Parcel order manifested, ready for export ","2023-11-17 23:43:42"
1862801260052781,NULL,"Parcel Data Received, Shipment In Route To US Export Warehouse","2023-11-17 16:07:26"
1862801260052781,NULL,"Parcel Order Scanned","2023-11-17 18:59:13"
1862801260052781,US,"Parcel order manifested, ready for export ","2023-11-18 18:26:22"
1862801260052749,NULL,"Parcel Data Received, Shipment In Route To US Export Warehouse","2023-11-17 16:07:26"
1862801260052749,NULL,"Parcel Order Scanned","2023-11-17 19:55:28"
1862801260052749,US,"Parcel order manifested, ready for export ","2023-11-18 18:26:00"
1862801260052732,NULL,"Parcel Data Received, Shipment In Route To US Export Warehouse","2023-11-17 16:07:26"
1862801260052732,NULL,"Parcel Order Scanned","2023-11-17 20:36:41"
1862801260052732,US,"Parcel order manifested, ready for export ","2023-11-18 18:26:00"
1862801260052766,NULL,"Parcel Data Received, Shipment In Route To US Export Warehouse","2023-11-17 16:07:26"
1862801260052766,NULL,"Parcel Order Scanned","2023-11-17 19:37:01"
1862801260052766,US,"Parcel order manifested, ready for export ","2023-11-18 18:23:09"
1862801260052697,NULL,"Parcel Data Received, Shipment In Route To US Export Warehouse","2023-11-17 16:07:26"
1862801260052697,NULL,"Parcel Order Scanned","2023-11-17 20:25:30"
1862801260052697,US,"Parcel order manifested, ready for export ","2023-11-18 18:26:22"
1862801260052717,NULL,"Parcel Data Received, Shipment In Route To US Export Warehouse","2023-11-17 16:07:26"
1862801260052717,NULL,"Parcel Order Scanned","2023-11-17 20:36:30"
1862801260052717,US,"Parcel order manifested, ready for export ","2023-11-18 18:26:22"
1862801260052731,NULL,"Parcel Data Received, Shipment In Route To US Export Warehouse","2023-11-17 16:07:26"
1862801260052731,NULL,"Parcel Order Scanned","2023-11-17 20:34:53"
1862801260052731,US,"Parcel order manifested, ready for export ","2023-11-18 18:26:22"
1862801260052714,NULL,"Parcel Data Received, Shipment In Route To US Export Warehouse","2023-11-17 16:07:26"
1862801260052714,NULL,"Parcel Order Scanned","2023-11-17 19:48:22"
1862801260052714,US,"Parcel order manifested, ready for export ","2023-11-17 23:44:34"
1862801260052751,NULL,"Parcel Data Received, Shipment In Route To US Export Warehouse","2023-11-17 16:07:26"
1862801260052751,NULL,"Parcel Order Scanned","2023-11-17 19:54:06"
1862801260052751,US,"Parcel order manifested, ready for export ","2023-11-18 18:26:00"
1862801260052748,NULL,"Parcel Data Received, Shipment In Route To US Export Warehouse","2023-11-17 16:07:26"
1862801260052748,NULL,"Parcel Order Scanned","2023-11-17 20:03:24"
1862801260052748,US,"Parcel order manifested, ready for export ","2023-11-18 18:26:00"
1862801260052682,NULL,"Parcel Data Received, Shipment In Route To US Export Warehouse","2023-11-17 16:07:26"
1862801260052682,NULL,"Parcel Order Scanned","2023-11-17 20:14:43"
1862801260052682,US,"Parcel order manifested, ready for export ","2023-11-18 18:26:00"
1862801260052779,NULL,"Parcel Data Received, Shipment In Route To US Export Warehouse","2023-11-17 16:07:26"
1862801260052779,NULL,"Parcel Order Scanned","2023-11-17 19:55:42"
1862801260052779,US,"Parcel order manifested, ready for export ","2023-11-18 18:26:00"
1862801260052679,NULL,"Parcel Data Received, Shipment In Route To US Export Warehouse","2023-11-17 16:07:26"
1862801260052679,NULL,"Parcel Order Scanned","2023-11-17 20:28:14"
1862801260052679,US,"Parcel order manifested, ready for export ","2023-11-18 18:25:59"
1862801260052713,NULL,"Parcel Data Received, Shipment In Route To US Export Warehouse","2023-11-17 16:07:26"
1862801260052713,NULL,"Parcel Order Scanned","2023-11-17 20:05:57"
1862801260052713,US,"Parcel order manifested, ready for export ","2023-11-18 18:26:22"
1862801260052770,NULL,"Parcel Data Received, Shipment In Route To US Export Warehouse","2023-11-17 16:07:26"
1862801260052770,NULL,"Parcel Order Scanned","2023-11-17 19:37:51"
1862801260052770,US,"Parcel order manifested, ready for export ","2023-11-17 23:44:34"
1862801260052727,NULL,"Parcel Data Received, Shipment In Route To US Export Warehouse","2023-11-17 16:07:26"
1862801260052727,NULL,"Parcel Order Scanned","2023-11-17 20:27:32"
1862801260052727,US,"Parcel order manifested, ready for export ","2023-11-17 23:44:34"
1862801260052718,NULL,"Parcel Data Received, Shipment In Route To US Export Warehouse","2023-11-17 16:07:26"
1862801260052718,NULL,"Parcel Order Scanned","2023-11-17 20:12:02"
1862801260052718,US,"Parcel order manifested, ready for export ","2023-11-17 23:44:34"
1862801260052695,NULL,"Parcel Data Received, Shipment In Route To US Export Warehouse","2023-11-17 16:07:26"
1862801260052695,NULL,"Parcel Order Scanned","2023-11-17 20:07:48"
1862801260052695,US,"Parcel order manifested, ready for export ","2023-11-17 23:44:34"
1862801260052686,NULL,"Parcel Data Received, Shipment In Route To US Export Warehouse","2023-11-17 16:07:26"
1862801260052686,NULL,"Parcel Order Scanned","2023-11-17 19:52:58"
1862801260052686,US,"Parcel order manifested, ready for export ","2023-11-18 18:26:00"
1862801260052729,NULL,"Parcel Data Received, Shipment In Route To US Export Warehouse","2023-11-17 16:07:26"
1862801260052729,NULL,"Parcel Order Scanned","2023-11-17 20:35:12"
1862801260052729,US,"Parcel order manifested, ready for export ","2023-11-18 18:26:00"
1862801260052772,NULL,"Parcel Data Received, Shipment In Route To US Export Warehouse","2023-11-17 16:07:26"
1862801260052772,NULL,"Parcel Order Scanned","2023-11-17 19:33:39"
1862801260052772,US,"Parcel order manifested, ready for export ","2023-11-17 23:44:36"
1862801260052743,NULL,"Parcel Data Received, Shipment In Route To US Export Warehouse","2023-11-17 16:07:26"
1862801260052743,NULL,"Parcel Order Scanned","2023-11-17 20:05:38"
1862801260052743,US,"Parcel order manifested, ready for export ","2023-11-18 18:23:09"
1862801260052677,NULL,"Parcel Data Received, Shipment In Route To US Export Warehouse","2023-11-17 16:07:26"
1862801260052677,NULL,"Parcel Order Scanned","2023-11-17 20:12:28"
1862801260052677,US,"Parcel order manifested, ready for export ","2023-11-17 23:44:33"
1862801260052777,NULL,"Parcel Data Received, Shipment In Route To US Export Warehouse","2023-11-17 16:07:26"
1862801260052777,NULL,"Parcel Order Scanned","2023-11-17 20:04:59"
1862801260052777,US,"Parcel order manifested, ready for export ","2023-11-18 18:26:22"
1862801260052754,NULL,"Parcel Data Received, Shipment In Route To US Export Warehouse","2023-11-17 16:07:26"
1862801260052754,NULL,"Parcel Order Scanned","2023-11-17 20:01:28"
1862801260052754,US,"Parcel order manifested, ready for export ","2023-11-18 18:26:22"
1862801260052768,NULL,"Parcel Data Received, Shipment In Route To US Export Warehouse","2023-11-17 16:07:26"
1862801260052768,NULL,"Parcel Order Scanned","2023-11-17 19:56:50"
1862801260052768,US,"Parcel order manifested, ready for export ","2023-11-18 18:26:00"
1862801260052688,NULL,"Parcel Data Received, Shipment In Route To US Export Warehouse","2023-11-17 16:07:26"
1862801260052688,NULL,"Parcel Order Scanned","2023-11-17 20:17:51"
1862801260052688,US,"Parcel order manifested, ready for export ","2023-11-18 18:23:09"
1862801260052702,NULL,"Parcel Data Received, Shipment In Route To US Export Warehouse","2023-11-17 16:07:26"
1862801260052702,NULL,"Parcel Order Scanned","2023-11-17 20:03:12"
1862801260052702,US,"Parcel order manifested, ready for export ","2023-11-17 23:44:35"
1862801260052745,NULL,"Parcel Data Received, Shipment In Route To US Export Warehouse","2023-11-17 16:07:26"
1862801260052745,NULL,"Parcel Order Scanned","2023-11-17 20:26:20"
1862801260052745,US,"Parcel order manifested, ready for export ","2023-11-17 23:44:34"
17009P1113230000037272,NULL,"Parcel Order Scanned","2023-11-17 18:28:06"
17009P1113230000037272,NULL,"Parcel Data Received, Shipment In Route To US Export Warehouse","2023-11-13 23:46:23"
17009P1113230000037272,US,"Parcel order manifested, ready for export ","2023-11-18 18:26:19"
17009P1113230000037274,NULL,"Parcel Order Scanned","2023-11-17 18:24:23"
17009P1113230000037274,NULL,"Parcel Data Received, Shipment In Route To US Export Warehouse","2023-11-13 23:48:12"
17009P1113230000037274,US,"Parcel order manifested, ready for export ","2023-11-17 23:43:29"
17009P1114230000037287,NULL,"Parcel Order Scanned","2023-11-17 18:11:27"
17009P1114230000037287,NULL,"Parcel Data Received, Shipment In Route To US Export Warehouse","2023-11-14 00:01:46"
17009P1114230000037287,US,"Parcel order manifested, ready for export ","2023-11-17 23:43:30"
17009P1116230000038393,NULL,"Parcel Order Scanned","2023-11-17 18:11:01"
17009P1116230000038393,NULL,"Parcel Data Received, Shipment In Route To US Export Warehouse","2023-11-16 12:38:32"
17009P1116230000038393,US,"Parcel order manifested, ready for export ","2023-11-17 23:43:38"
17009P1116230000038603,NULL,"Parcel Order Scanned","2023-11-17 18:09:46"
17009P1116230000038603,NULL,"Parcel Data Received, Shipment In Route To US Export Warehouse","2023-11-16 18:26:34"
17009P1116230000038603,US,"Parcel order manifested, ready for export ","2023-11-17 23:43:40"
17009P1115230000038187,NULL,"Parcel Order Scanned","2023-11-17 18:09:35"
17009P1115230000038187,NULL,"Parcel Data Received, Shipment In Route To US Export Warehouse","2023-11-15 19:40:14"
17009P1115230000038187,US,"Parcel order manifested, ready for export ","2023-11-17 23:43:35"
17009P1113230000037273,NULL,"Parcel Order Scanned","2023-11-17 18:09:20"
17009P1113230000037273,NULL,"Parcel Data Received, Shipment In Route To US Export Warehouse","2023-11-13 23:47:39"
17009P1113230000037273,US,"Parcel order manifested, ready for export ","2023-11-17 23:43:29"
17009P1113230000037279,NULL,"Parcel Order Scanned","2023-11-17 18:09:03"
17009P1113230000037279,NULL,"Parcel Data Received, Shipment In Route To US Export Warehouse","2023-11-13 23:54:19"
17009P1113230000037279,US,"Parcel order manifested, ready for export ","2023-11-17 23:43:29"
17009P1116230000038439,NULL,"Parcel Order Scanned","2023-11-17 18:08:50"
17009P1116230000038439,NULL,"Parcel Data Received, Shipment In Route To US Export Warehouse","2023-11-16 14:16:21"
17009P1116230000038439,US,"Parcel order manifested, ready for export ","2023-11-17 23:43:39"
17009P1116230000038478,NULL,"Parcel Order Scanned","2023-11-17 18:08:39"
17009P1116230000038478,NULL,"Parcel Data Received, Shipment In Route To US Export Warehouse","2023-11-16 15:37:10"
17009P1116230000038478,US,"Parcel order manifested, ready for export ","2023-11-17 23:43:39"
17009P1115230000037990,NULL,"Parcel Order Scanned","2023-11-17 18:06:21"
17009P1115230000037990,NULL,"Parcel Data Received, Shipment In Route To US Export Warehouse","2023-11-15 16:39:00"
17009P1115230000037990,US,"Parcel order manifested, ready for export ","2023-11-17 23:43:35"
17009P1116230000038436,NULL,"Parcel Order Scanned","2023-11-17 18:06:04"
17009P1116230000038436,NULL,"Parcel Data Received, Shipment In Route To US Export Warehouse","2023-11-16 14:14:42"
17009P1116230000038436,US,"Parcel order manifested, ready for export ","2023-11-17 23:43:39"
17009P1114230000037286,NULL,"Parcel Order Scanned","2023-11-17 18:05:54"
17009P1114230000037286,NULL,"Parcel Data Received, Shipment In Route To US Export Warehouse","2023-11-14 00:01:11"
17009P1114230000037286,US,"Parcel order manifested, ready for export ","2023-11-18 18:26:19"
17009P1115230000037978,NULL,"Parcel Order Scanned","2023-11-17 18:05:38"
17009P1115230000037978,NULL,"Parcel Data Received, Shipment In Route To US Export Warehouse","2023-11-15 16:14:56"
17009P1115230000037978,US,"Parcel order manifested, ready for export ","2023-11-17 23:43:35"
17009P1116230000038379,NULL,"Parcel Order Scanned","2023-11-17 18:05:14"
17009P1116230000038379,NULL,"Parcel Data Received, Shipment In Route To US Export Warehouse","2023-11-16 03:16:39"
17009P1116230000038379,US,"Parcel order manifested, ready for export ","2023-11-17 23:43:37"
17009P1115230000037884,NULL,"Parcel Order Scanned","2023-11-17 18:04:48"
17009P1115230000037884,NULL,"Parcel Data Received, Shipment In Route To US Export Warehouse","2023-11-15 12:31:13"
17009P1115230000037884,US,"Parcel order manifested, ready for export ","2023-11-17 23:43:34"
17009P1115230000037916,NULL,"Parcel Order Scanned","2023-11-17 18:04:07"
17009P1115230000037916,NULL,"Parcel Data Received, Shipment In Route To US Export Warehouse","2023-11-15 14:25:57"
17009P1115230000037916,US,"Parcel order manifested, ready for export ","2023-11-17 23:43:35"
17009P1116230000038457,NULL,"Parcel Order Scanned","2023-11-17 18:03:57"
17009P1116230000038457,NULL,"Parcel Data Received, Shipment In Route To US Export Warehouse","2023-11-16 14:43:10"
17009P1116230000038457,US,"Parcel order manifested, ready for export ","2023-11-17 23:43:39"
17009P1115230000037885,NULL,"Parcel Order Scanned","2023-11-17 18:03:47"
17009P1115230000037885,NULL,"Parcel Data Received, Shipment In Route To US Export Warehouse","2023-11-15 12:33:15"
17009P1115230000037885,US,"Parcel order manifested, ready for export ","2023-11-17 23:43:34"
17009P1114230000037368,NULL,"Parcel Order Scanned","2023-11-17 18:03:37"
17009P1114230000037368,NULL,"Parcel Data Received, Shipment In Route To US Export Warehouse","2023-11-14 12:20:45"
17009P1114230000037368,US,"Parcel order manifested, ready for export ","2023-11-17 23:43:30"
17009P1115230000037910,NULL,"Parcel Order Scanned","2023-11-17 18:03:13"
17009P1115230000037910,NULL,"Parcel Data Received, Shipment In Route To US Export Warehouse","2023-11-15 14:18:58"
17009P1115230000037910,US,"Parcel order manifested, ready for export ","2023-11-17 23:43:34"
17009P1116230000038358,NULL,"Parcel Order Scanned","2023-11-17 18:00:20"
17009P1116230000038358,NULL,"Parcel Data Received, Shipment In Route To US Export Warehouse","2023-11-16 00:28:55"
17009P1116230000038358,US,"Parcel order manifested, ready for export ","2023-11-17 23:43:36"
17009P1114230000037538,NULL,"Parcel Order Scanned","2023-11-17 17:58:25"
17009P1114230000037538,NULL,"Parcel Data Received, Shipment In Route To US Export Warehouse","2023-11-14 16:25:42"
17009P1114230000037538,US,"Parcel order manifested, ready for export ","2023-11-17 23:43:32"
17009P1113230000037278,NULL,"Parcel Order Scanned","2023-11-17 17:49:15"
17009P1113230000037278,NULL,"Parcel Data Received, Shipment In Route To US Export Warehouse","2023-11-13 23:53:45"
17009P1113230000037278,US,"Parcel order manifested, ready for export ","2023-11-17 23:43:29"
17009P1115230000038246,NULL,"Parcel Order Scanned","2023-11-17 17:45:38"
17009P1115230000038246,NULL,"Parcel Data Received, Shipment In Route To US Export Warehouse","2023-11-15 21:14:21"
17009P1115230000038246,US,"Parcel order manifested, ready for export ","2023-11-18 18:26:21"
17009P1116230000038493,NULL,"Parcel Order Scanned","2023-11-17 17:39:25"
17009P1116230000038493,NULL,"Parcel Data Received, Shipment In Route To US Export Warehouse","2023-11-16 16:26:28"
17009P1116230000038493,US,"Parcel order manifested, ready for export ","2023-11-18 18:26:21"
17009P1115230000038256,NULL,"Parcel Order Scanned","2023-11-17 17:36:53"
17009P1115230000038256,NULL,"Parcel Data Received, Shipment In Route To US Export Warehouse","2023-11-15 21:21:08"
17009P1115230000038256,US,"Parcel order manifested, ready for export ","2023-11-18 18:26:21"
17009P1114230000037427,NULL,"Parcel Order Scanned","2023-11-17 17:36:02"
17009P1114230000037427,NULL,"Parcel Data Received, Shipment In Route To US Export Warehouse","2023-11-14 13:56:40"
17009P1114230000037427,US,"Parcel order manifested, ready for export ","2023-11-18 18:26:19"
17009P1116230000038490,NULL,"Parcel Order Scanned","2023-11-17 17:35:18"
17009P1116230000038490,NULL,"Parcel Data Received, Shipment In Route To US Export Warehouse","2023-11-16 16:21:38"
17009P1116230000038490,US,"Parcel order manifested, ready for export ","2023-11-17 23:43:39"
17009P1115230000038252,NULL,"Parcel Order Scanned","2023-11-17 17:33:45"
17009P1115230000038252,NULL,"Parcel Data Received, Shipment In Route To US Export Warehouse","2023-11-15 21:19:02"
17009P1115230000038252,US,"Parcel order manifested, ready for export ","2023-11-17 23:43:36"
17009P1116230000038690,NULL,"Parcel Order Scanned","2023-11-17 17:32:50"
17009P1116230000038690,NULL,"Parcel Data Received, Shipment In Route To US Export Warehouse","2023-11-16 19:47:41"
17009P1116230000038690,US,"Parcel order manifested, ready for export ","2023-11-17 23:43:40"
17009P1113230000037055,NULL,"Parcel Order Scanned","2023-11-17 17:31:27"
17009P1113230000037055,NULL,"Parcel Data Received, Shipment In Route To US Export Warehouse","2023-11-13 19:10:49"
17009P1113230000037055,US,"Parcel order manifested, ready for export ","2023-11-18 18:26:19"
17009P1116230000038362,NULL,"Parcel Order Scanned","2023-11-17 17:29:50"
17009P1116230000038362,NULL,"Parcel Data Received, Shipment In Route To US Export Warehouse","2023-11-16 00:47:14"
17009P1116230000038362,US,"Parcel order manifested, ready for export ","2023-11-18 18:26:21"
17009P1114230000037489,NULL,"Parcel Order Scanned","2023-11-17 17:28:58"
17009P1114230000037489,NULL,"Parcel Data Received, Shipment In Route To US Export Warehouse","2023-11-14 15:14:51"
17009P1114230000037489,US,"Parcel order manifested, ready for export ","2023-11-18 18:26:19"
17009P1115230000038244,NULL,"Parcel Order Scanned","2023-11-17 17:28:22"
17009P1115230000038244,NULL,"Parcel Data Received, Shipment In Route To US Export Warehouse","2023-11-15 21:12:17"
17009P1115230000038244,US,"Parcel order manifested, ready for export ","2023-11-17 23:43:36"
17009P1115230000038227,NULL,"Parcel Order Scanned","2023-11-17 17:27:03"
17009P1115230000038227,NULL,"Parcel Data Received, Shipment In Route To US Export Warehouse","2023-11-15 20:32:30"
17009P1115230000038227,US,"Parcel order manifested, ready for export ","2023-11-17 23:43:36"
17009P1116230000038364,NULL,"Parcel Order Scanned","2023-11-17 17:26:31"
17009P1116230000038364,NULL,"Parcel Data Received, Shipment In Route To US Export Warehouse","2023-11-16 00:55:24"
17009P1116230000038364,US,"Parcel order manifested, ready for export ","2023-11-18 18:23:09"
17009P1114230000037605,NULL,"Parcel Order Scanned","2023-11-17 17:26:10"
17009P1114230000037605,NULL,"Parcel Data Received, Shipment In Route To US Export Warehouse","2023-11-14 17:25:37"
17009P1114230000037605,US,"Parcel order manifested, ready for export ","2023-11-17 23:43:32"
17009P1115230000038046,NULL,"Parcel Order Scanned","2023-11-17 17:22:19"
17009P1115230000038046,NULL,"Parcel Data Received, Shipment In Route To US Export Warehouse","2023-11-15 17:58:25"
17009P1115230000038046,US,"Parcel order manifested, ready for export ","2023-11-17 23:44:30"
17009P1116230000038730,NULL,"Parcel Order Scanned","2023-11-17 17:22:07"
17009P1116230000038730,NULL,"Parcel Data Received, Shipment In Route To US Export Warehouse","2023-11-16 20:40:16"
17009P1116230000038730,US,"Parcel order manifested, ready for export ","2023-11-18 18:26:21"
17009P1113230000037224,NULL,"Parcel Order Scanned","2023-11-17 17:21:53"
17009P1113230000037224,NULL,"Parcel Data Received, Shipment In Route To US Export Warehouse","2023-11-13 22:04:06"
17009P1113230000037224,US,"Parcel order manifested, ready for export ","2023-11-18 18:26:19"
17009P1116230000038733,NULL,"Parcel Order Scanned","2023-11-17 17:21:39"
17009P1116230000038733,NULL,"Parcel Data Received, Shipment In Route To US Export Warehouse","2023-11-16 20:46:11"
17009P1116230000038733,US,"Parcel order manifested, ready for export ","2023-11-17 23:43:40"
17009P1116230000038543,NULL,"Parcel Order Scanned","2023-11-17 17:21:09"
17009P1116230000038543,NULL,"Parcel Data Received, Shipment In Route To US Export Warehouse","2023-11-16 17:16:01"
17009P1116230000038543,US,"Parcel order manifested, ready for export ","2023-11-17 19:13:17"
17009P1115230000038236,NULL,"Parcel Order Scanned","2023-11-17 17:20:42"
17009P1115230000038236,NULL,"Parcel Data Received, Shipment In Route To US Export Warehouse","2023-11-15 20:46:01"
17009P1115230000038236,US,"Parcel order manifested, ready for export ","2023-11-17 23:43:36"
17009P1115230000038202,NULL,"Parcel Order Scanned","2023-11-17 17:20:33"
17009P1115230000038202,NULL,"Parcel Data Received, Shipment In Route To US Export Warehouse","2023-11-15 20:02:02"
17009P1115230000038202,US,"Parcel order manifested, ready for export ","2023-11-18 18:26:20"
17009P1115230000038228,NULL,"Parcel Order Scanned","2023-11-17 17:19:24"
17009P1115230000038228,NULL,"Parcel Data Received, Shipment In Route To US Export Warehouse","2023-11-15 20:34:34"
17009P1115230000038228,US,"Parcel order manifested, ready for export ","2023-11-18 18:26:20"
17009P1113230000037036,NULL,"Parcel Order Scanned","2023-11-17 17:19:00"
17009P1113230000037036,NULL,"Parcel Data Received, Shipment In Route To US Export Warehouse","2023-11-13 18:50:00"
17009P1113230000037036,US,"Parcel order manifested, ready for export ","2023-11-17 23:43:28"
17009P1115230000038008,NULL,"Parcel Order Scanned","2023-11-17 17:18:36"
17009P1115230000038008,NULL,"Parcel Data Received, Shipment In Route To US Export Warehouse","2023-11-15 17:22:23"
17009P1115230000038008,US,"Parcel order manifested, ready for export ","2023-11-17 23:43:35"
17009P1113230000037075,NULL,"Parcel Order Scanned","2023-11-17 17:18:29"
17009P1113230000037075,NULL,"Parcel Data Received, Shipment In Route To US Export Warehouse","2023-11-13 19:23:26"
17009P1113230000037075,US,"Parcel order manifested, ready for export ","2023-11-17 23:43:29"
17009P1116230000038395,NULL,"Parcel Order Scanned","2023-11-17 17:18:22"
17009P1116230000038395,NULL,"Parcel Data Received, Shipment In Route To US Export Warehouse","2023-11-16 12:52:39"
17009P1116230000038395,US,"Parcel order manifested, ready for export ","2023-11-17 23:43:39"
17009P1113230000037057,NULL,"Parcel Order Scanned","2023-11-17 17:18:12"
17009P1113230000037057,NULL,"Parcel Data Received, Shipment In Route To US Export Warehouse","2023-11-13 19:13:25"
17009P1113230000037057,US,"Parcel order manifested, ready for export ","2023-11-18 18:26:19"
17009P1113230000037260,NULL,"Parcel Order Scanned","2023-11-17 17:17:58"
17009P1113230000037260,NULL,"Parcel Data Received, Shipment In Route To US Export Warehouse","2023-11-13 23:12:06"
17009P1113230000037260,US,"Parcel order manifested, ready for export ","2023-11-17 23:43:29"
17009P1116230000038376,NULL,"Parcel Order Scanned","2023-11-17 17:17:38"
17009P1116230000038376,NULL,"Parcel Data Received, Shipment In Route To US Export Warehouse","2023-11-16 02:50:30"
17009P1116230000038376,US,"Parcel order manifested, ready for export ","2023-11-17 23:43:36"
17009P1115230000038342,NULL,"Parcel Order Scanned","2023-11-17 17:17:01"
17009P1115230000038342,NULL,"Parcel Data Received, Shipment In Route To US Export Warehouse","2023-11-15 23:08:08"
17009P1115230000038342,US,"Parcel order manifested, ready for export ","2023-11-17 23:43:36"
17009P1113230000037248,NULL,"Parcel Order Scanned","2023-11-17 17:16:50"
17009P1113230000037248,NULL,"Parcel Data Received, Shipment In Route To US Export Warehouse","2023-11-13 22:48:23"
17009P1113230000037248,US,"Parcel order manifested, ready for export ","2023-11-17 23:43:29"
17009P1114230000037320,NULL,"Parcel Order Scanned","2023-11-17 17:15:19"
17009P1114230000037320,NULL,"Parcel Data Received, Shipment In Route To US Export Warehouse","2023-11-14 02:01:14"
17009P1114230000037320,US,"Parcel order manifested, ready for export ","2023-11-17 23:43:30"
17009P1116230000038440,NULL,"Parcel Order Scanned","2023-11-17 17:15:02"
17009P1116230000038440,NULL,"Parcel Data Received, Shipment In Route To US Export Warehouse","2023-11-16 14:17:00"
17009P1116230000038440,US,"Parcel order manifested, ready for export ","2023-11-18 18:26:21"
17009P1116230000038392,NULL,"Parcel Order Scanned","2023-11-17 17:14:50"
17009P1116230000038392,NULL,"Parcel Data Received, Shipment In Route To US Export Warehouse","2023-11-16 12:35:30"
17009P1116230000038392,US,"Parcel order manifested, ready for export ","2023-11-17 23:43:38"
17009P1116230000038369,NULL,"Parcel Order Scanned","2023-11-17 17:14:40"
17009P1116230000038369,NULL,"Parcel Data Received, Shipment In Route To US Export Warehouse","2023-11-16 01:54:54"
17009P1116230000038369,US,"Parcel order manifested, ready for export ","2023-11-17 23:43:36"
17009P1116230000038390,NULL,"Parcel Order Scanned","2023-11-17 17:14:16"
17009P1116230000038390,NULL,"Parcel Data Received, Shipment In Route To US Export Warehouse","2023-11-16 12:17:35"
17009P1116230000038390,US,"Parcel order manifested, ready for export ","2023-11-17 23:43:38"
17009P1115230000038196,NULL,"Parcel Order Scanned","2023-11-17 17:14:02"
17009P1115230000038196,NULL,"Parcel Data Received, Shipment In Route To US Export Warehouse","2023-11-15 19:55:24"
17009P1115230000038196,US,"Parcel order manifested, ready for export ","2023-11-17 23:43:35"
17009P1114230000037558,NULL,"Parcel Order Scanned","2023-11-17 17:13:26"
17009P1114230000037558,NULL,"Parcel Data Received, Shipment In Route To US Export Warehouse","2023-11-14 16:49:23"
17009P1114230000037558,US,"Parcel order manifested, ready for export ","2023-11-17 23:43:32"
17009P1116230000038380,NULL,"Parcel Order Scanned","2023-11-17 17:13:19"
17009P1116230000038380,NULL,"Parcel Data Received, Shipment In Route To US Export Warehouse","2023-11-16 03:30:26"
17009P1116230000038380,US,"Parcel order manifested, ready for export ","2023-11-17 23:43:37"
17009P1116230000038453,NULL,"Parcel Order Scanned","2023-11-17 17:13:00"
17009P1116230000038453,NULL,"Parcel Data Received, Shipment In Route To US Export Warehouse","2023-11-16 14:37:54"
17009P1116230000038453,US,"Parcel order manifested, ready for export ","2023-11-17 23:43:39"
17009P1116230000038454,NULL,"Parcel Order Scanned","2023-11-17 17:12:47"
17009P1116230000038454,NULL,"Parcel Data Received, Shipment In Route To US Export Warehouse","2023-11-16 14:39:10"
17009P1116230000038454,US,"Parcel order manifested, ready for export ","2023-11-17 23:43:39"
17009P1113230000037283,NULL,"Parcel Order Scanned","2023-11-17 17:12:36"
17009P1113230000037283,NULL,"Parcel Data Received, Shipment In Route To US Export Warehouse","2023-11-13 23:57:15"
17009P1113230000037283,US,"Parcel order manifested, ready for export ","2023-11-17 23:43:30"
17009P1114230000037356,NULL,"Parcel Order Scanned","2023-11-17 17:12:25"
17009P1114230000037356,NULL,"Parcel Data Received, Shipment In Route To US Export Warehouse","2023-11-14 06:44:24"
17009P1114230000037356,US,"Parcel order manifested, ready for export ","2023-11-17 23:43:30"
17009P1115230000037878,NULL,"Parcel Order Scanned","2023-11-17 17:11:00"
17009P1115230000037878,NULL,"Parcel Data Received, Shipment In Route To US Export Warehouse","2023-11-15 03:08:36"
17009P1115230000037878,US,"Parcel order manifested, ready for export ","2023-11-18 18:23:08"
17009P1115230000037894,NULL,"Parcel Order Scanned","2023-11-17 17:10:27"
17009P1115230000037894,NULL,"Parcel Data Received, Shipment In Route To US Export Warehouse","2023-11-15 13:20:52"
17009P1115230000037894,US,"Parcel order manifested, ready for export ","2023-11-17 23:43:34"
17009P1114230000037297,NULL,"Parcel Order Scanned","2023-11-17 17:09:24"
17009P1114230000037297,NULL,"Parcel Data Received, Shipment In Route To US Export Warehouse","2023-11-14 00:32:58"
17009P1114230000037297,US,"Parcel order manifested, ready for export ","2023-11-17 23:43:30"
17009P1113230000036999,NULL,"Parcel Order Scanned","2023-11-17 17:09:16"
17009P1113230000036999,NULL,"Parcel Data Received, Shipment In Route To US Export Warehouse","2023-11-13 18:15:40"
17009P1113230000036999,US,"Parcel order manifested, ready for export ","2023-11-17 23:43:28"
17009P1116230000038441,NULL,"Parcel Order Scanned","2023-11-17 17:05:55"
17009P1116230000038441,NULL,"Parcel Data Received, Shipment In Route To US Export Warehouse","2023-11-16 14:18:52"
17009P1116230000038441,US,"Parcel order manifested, ready for export ","2023-11-17 23:43:04"
17009P1110230000036258,NULL,"Parcel Order Scanned","2023-11-17 17:05:03"
17009P1110230000036258,NULL,"Parcel Data Received, Shipment In Route To US Export Warehouse","2023-11-10 23:50:55"
17009P1110230000036258,US,"Parcel order manifested, ready for export ","2023-11-17 23:43:16"
17009P1113230000037250,NULL,"Parcel Order Scanned","2023-11-17 17:04:40"
17009P1113230000037250,NULL,"Parcel Data Received, Shipment In Route To US Export Warehouse","2023-11-13 22:49:25"
17009P1113230000037250,US,"Parcel order manifested, ready for export ","2023-11-17 23:43:29"
17009P1113230000037280,NULL,"Parcel Order Scanned","2023-11-17 17:04:32"
17009P1113230000037280,NULL,"Parcel Data Received, Shipment In Route To US Export Warehouse","2023-11-13 23:54:53"
17009P1113230000037280,US,"Parcel order manifested, ready for export ","2023-11-17 23:43:30"
17009P1115230000037862,NULL,"Parcel Order Scanned","2023-11-17 17:03:19"
17009P1115230000037862,NULL,"Parcel Data Received, Shipment In Route To US Export Warehouse","2023-11-15 00:37:39"
17009P1115230000037862,US,"Parcel order manifested, ready for export ","2023-11-17 23:43:03"
17009P1114230000037416,NULL,"Parcel Order Scanned","2023-11-17 17:02:36"
17009P1114230000037416,NULL,"Parcel Data Received, Shipment In Route To US Export Warehouse","2023-11-14 13:41:16"
17009P1114230000037416,US,"Parcel order manifested, ready for export ","2023-11-17 23:44:28"
17009P1110230000036259,NULL,"Parcel Order Scanned","2023-11-17 17:02:30"
17009P1110230000036259,NULL,"Parcel Data Received, Shipment In Route To US Export Warehouse","2023-11-10 23:53:56"
17009P1110230000036259,US,"Parcel order manifested, ready for export ","2023-11-18 18:26:18"
17009P1115230000037877,NULL,"Parcel Order Scanned","2023-11-17 17:02:04"
17009P1115230000037877,NULL,"Parcel Data Received, Shipment In Route To US Export Warehouse","2023-11-15 03:06:12"
17009P1115230000037877,US,"Parcel order manifested, ready for export ","2023-11-17 23:43:03"
17009P1110230000036257,NULL,"Parcel Order Scanned","2023-11-17 17:01:25"
17009P1110230000036257,NULL,"Parcel Data Received, Shipment In Route To US Export Warehouse","2023-11-10 23:47:20"
17009P1110230000036257,US,"Parcel order manifested, ready for export ","2023-11-17 23:43:16"
14769A0001611178,US,"Parcel Data Received, Shipment In Route To US Export Warehouse","2023-11-10 17:41:26"
14769A0001611178,US,"Parcel Order Scanned","2023-11-14 18:46:49"
14769A0001611178,US,"Parcel order manifested, ready for export ","2023-11-17 15:32:54"
14769A0001611178,NULL,"Shipment Received by Partner Carrier","2023-11-17 16:28:00"
14769A0001611178,NULL,"Processed Through Facility","2023-11-17 18:28:00"
14769A0001611178,NULL,"Arrived at Facility","2023-11-17 18:28:00"
17009P1116230000038580,NULL,"Parcel Order Scanned","2023-11-17 17:00:18"
17009P1116230000038580,NULL,"Parcel Data Received, Shipment In Route To US Export Warehouse","2023-11-16 17:50:22"
17009P1116230000038580,US,"Parcel order manifested, ready for export ","2023-11-17 23:43:39"
14769A0001611180,US,"Parcel Data Received, Shipment In Route To US Export Warehouse","2023-11-10 17:41:26"
14769A0001611180,US,"Parcel Order Scanned","2023-11-14 18:51:07"
14769A0001611180,US,"Parcel order manifested, ready for export ","2023-11-17 16:48:19"
14769A0001611173,US,"Parcel Data Received, Shipment In Route To US Export Warehouse","2023-11-10 17:41:26"
14769A0001611173,US,"Parcel Order Scanned","2023-11-14 18:51:33"
14769A0001611173,US,"Parcel order manifested, ready for export ","2023-11-17 16:48:17"
14769A0001611163,US,"Parcel Data Received, Shipment In Route To US Export Warehouse","2023-11-10 17:41:26"
14769A0001611163,US,"Parcel Order Scanned","2023-11-14 18:48:55"
14769A0001611163,US,"Parcel order manifested, ready for export ","2023-11-17 16:48:07"
14769A0001611148,US,"Parcel Data Received, Shipment In Route To US Export Warehouse","2023-11-10 17:41:26"
14769A0001611148,US,"Parcel Order Scanned","2023-11-14 18:47:22"
14769A0001611148,US,"Parcel order manifested, ready for export ","2023-11-17 16:48:19"
14769A0001611147,US,"Parcel Data Received, Shipment In Route To US Export Warehouse","2023-11-10 17:41:26"
14769A0001611147,US,"Parcel Order Scanned","2023-11-14 18:46:23"
14769A0001611147,US,"Parcel order manifested, ready for export ","2023-11-17 16:48:17"
14769A0001611144,US,"Parcel Data Received, Shipment In Route To US Export Warehouse","2023-11-10 17:41:26"
14769A0001611144,US,"Parcel Order Scanned","2023-11-14 18:51:30"
14769A0001611144,US,"Parcel order manifested, ready for export ","2023-11-17 16:48:16"
14769A0001611080,US,"Parcel Data Received, Shipment In Route To US Export Warehouse","2023-11-10 17:41:26"
14769A0001611080,US,"Parcel Order Scanned","2023-11-14 18:49:22"
14769A0001611080,US,"Parcel order manifested, ready for export ","2023-11-17 16:47:47"
14769A0001611078,US,"Parcel Data Received, Shipment In Route To US Export Warehouse","2023-11-10 17:41:26"
14769A0001611078,US,"Parcel Order Scanned","2023-11-14 18:49:22"
14769A0001611078,US,"Parcel order manifested, ready for export ","2023-11-17 16:48:19"
14769A0001611065,US,"Parcel Data Received, Shipment In Route To US Export Warehouse","2023-11-10 17:41:26"
14769A0001611065,US,"Parcel Order Scanned","2023-11-14 18:40:26"
14769A0001611065,US,"Parcel order manifested, ready for export ","2023-11-17 16:48:03"
14769A0001611057,US,"Parcel Data Received, Shipment In Route To US Export Warehouse","2023-11-10 17:41:26"
14769A0001611057,US,"Parcel Order Scanned","2023-11-14 18:46:12"
14769A0001611057,US,"Parcel order manifested, ready for export ","2023-11-17 16:47:44"
14769A0001611053,US,"Parcel Data Received, Shipment In Route To US Export Warehouse","2023-11-10 17:41:26"
14769A0001611053,US,"Parcel Order Scanned","2023-11-14 18:48:04"
14769A0001611053,US,"Parcel order manifested, ready for export ","2023-11-17 16:47:46"
14769A0001611159,US,"Parcel Data Received, Shipment In Route To US Export Warehouse","2023-11-10 17:41:26"
14769A0001611159,US,"Parcel Order Scanned","2023-11-14 18:46:37"
14769A0001611159,US,"Parcel order manifested, ready for export ","2023-11-17 16:00:17"
14769A0001611122,US,"Parcel Data Received, Shipment In Route To US Export Warehouse","2023-11-10 17:41:26"
14769A0001611122,US,"Parcel Order Scanned","2023-11-14 18:48:08"
14769A0001611122,US,"Parcel order manifested, ready for export ","2023-11-17 16:00:17"
14769A0001611113,US,"Parcel Data Received, Shipment In Route To US Export Warehouse","2023-11-10 17:41:26"
14769A0001611113,US,"Parcel Order Scanned","2023-11-14 18:38:46"
14769A0001611113,US,"Parcel order manifested, ready for export ","2023-11-17 16:00:16"
14769A0001611089,US,"Parcel Data Received, Shipment In Route To US Export Warehouse","2023-11-10 17:41:26"
14769A0001611089,US,"Parcel Order Scanned","2023-11-14 18:47:21"
14769A0001611089,US,"Parcel order manifested, ready for export ","2023-11-17 16:00:16"
14769A0001611075,US,"Parcel Data Received, Shipment In Route To US Export Warehouse","2023-11-10 17:41:26"
14769A0001611075,US,"Parcel Order Scanned","2023-11-14 18:43:51"
14769A0001611075,US,"Parcel order manifested, ready for export ","2023-11-17 16:00:16"
14769A0001611056,US,"Parcel Data Received, Shipment In Route To US Export Warehouse","2023-11-10 17:41:26"
14769A0001611056,US,"Parcel Order Scanned","2023-11-14 18:48:14"
14769A0001611056,US,"Parcel order manifested, ready for export ","2023-11-17 16:00:16"
14769A0001611054,US,"Parcel Data Received, Shipment In Route To US Export Warehouse","2023-11-10 17:41:26"
14769A0001611054,US,"Parcel Order Scanned","2023-11-14 18:46:02"
14769A0001611054,US,"Parcel order manifested, ready for export ","2023-11-17 16:00:16"
14769A0001611051,US,"Parcel Data Received, Shipment In Route To US Export Warehouse","2023-11-10 17:41:26"
14769A0001611051,US,"Parcel Order Scanned","2023-11-14 18:48:05"
14769A0001611051,US,"Parcel order manifested, ready for export ","2023-11-17 16:00:16"
14769A0001611033,US,"Parcel Data Received, Shipment In Route To US Export Warehouse","2023-11-10 17:41:26"
14769A0001611033,US,"Parcel Order Scanned","2023-11-14 18:25:10"
14769A0001611033,US,"Parcel order manifested, ready for export ","2023-11-17 16:00:16"
14769A0001611022,US,"Parcel Data Received, Shipment In Route To US Export Warehouse","2023-11-10 17:41:26"
14769A0001611022,US,"Parcel Order Scanned","2023-11-14 18:21:20"
14769A0001611022,US,"Parcel order manifested, ready for export ","2023-11-17 16:00:16"
14769A0001611019,US,"Parcel Data Received, Shipment In Route To US Export Warehouse","2023-11-10 17:41:26"
14769A0001611019,US,"Parcel Order Scanned","2023-11-14 18:27:29"
14769A0001611019,US,"Parcel order manifested, ready for export ","2023-11-17 16:00:16"
17009P1116230000038570,NULL,"Parcel Order Scanned","2023-11-17 16:59:59"
17009P1116230000038570,NULL,"Parcel Data Received, Shipment In Route To US Export Warehouse","2023-11-16 17:40:38"
17009P1116230000038570,US,"Parcel order manifested, ready for export ","2023-11-18 18:26:21"
17009P1114230000037775,NULL,"Parcel Order Scanned","2023-11-17 16:55:59"
17009P1114230000037775,NULL,"Parcel Data Received, Shipment In Route To US Export Warehouse","2023-11-14 20:28:06"
17009P1114230000037775,US,"Parcel order manifested, ready for export ","2023-11-17 23:43:03"
17009P1114230000037709,NULL,"Parcel Order Scanned","2023-11-17 16:55:44"
17009P1114230000037709,NULL,"Parcel Data Received, Shipment In Route To US Export Warehouse","2023-11-14 19:31:56"
17009P1114230000037709,US,"Parcel order manifested, ready for export ","2023-11-17 19:34:25"
1862801260052782,NULL,"Parcel Order Scanned","2023-11-17 16:13:08"
1862801260052782,NULL,"Parcel Data Received, Shipment In Route To US Export Warehouse","2023-11-17 15:59:51"
1862801260052782,US,"Parcel order manifested, ready for export ","2023-11-17 23:43:05"
14769A0001611018,US,"Parcel Data Received, Shipment In Route To US Export Warehouse","2023-11-10 17:41:26"
14769A0001611018,US,"Parcel Order Scanned","2023-11-14 18:25:23"
14769A0001611018,US,"Parcel order manifested, ready for export ","2023-11-17 16:00:16"
17009P1114230000037568,NULL,"Parcel Order Scanned","2023-11-17 14:14:04"
17009P1114230000037568,NULL,"Parcel Data Received, Shipment In Route To US Export Warehouse","2023-11-14 16:57:13"
17009P1114230000037568,US,"Parcel order manifested, ready for export ","2023-11-17 23:44:29"
17009P1114230000037579,NULL,"Parcel Order Scanned","2023-11-17 14:13:50"
17009P1114230000037579,NULL,"Parcel Data Received, Shipment In Route To US Export Warehouse","2023-11-14 17:07:31"
17009P1114230000037579,US,"Parcel order manifested, ready for export ","2023-11-17 19:13:00"
17009P1114230000037566,NULL,"Parcel Order Scanned","2023-11-17 14:13:34"
17009P1114230000037566,NULL,"Parcel Data Received, Shipment In Route To US Export Warehouse","2023-11-14 16:54:54"
17009P1114230000037566,US,"Parcel order manifested, ready for export ","2023-11-17 19:13:10"
17009P1114230000037564,NULL,"Parcel Order Scanned","2023-11-17 14:13:03"
17009P1114230000037564,NULL,"Parcel Data Received, Shipment In Route To US Export Warehouse","2023-11-14 16:52:21"
17009P1114230000037564,US,"Parcel order manifested, ready for export ","2023-11-17 23:44:29"
17009P1114230000037563,NULL,"Parcel Order Scanned","2023-11-17 14:12:42"
17009P1114230000037563,NULL,"Parcel Data Received, Shipment In Route To US Export Warehouse","2023-11-14 16:51:43"
17009P1114230000037563,US,"Parcel order manifested, ready for export ","2023-11-18 18:26:19"
17009P1113230000036990,NULL,"Parcel Order Scanned","2023-11-17 14:11:42"
17009P1113230000036990,NULL,"Parcel Data Received, Shipment In Route To US Export Warehouse","2023-11-13 17:57:39"
17009P1113230000036990,US,"Parcel order manifested, ready for export ","2023-11-17 23:43:28"
17009P1113230000037035,NULL,"Parcel Order Scanned","2023-11-17 14:11:03"
17009P1113230000037035,NULL,"Parcel Data Received, Shipment In Route To US Export Warehouse","2023-11-13 18:49:26"
17009P1113230000037035,US,"Parcel order manifested, ready for export ","2023-11-18 18:26:19"
17009P1115230000037987,NULL,"Parcel Order Scanned","2023-11-17 14:10:13"
17009P1115230000037987,NULL,"Parcel Data Received, Shipment In Route To US Export Warehouse","2023-11-15 16:30:45"
17009P1115230000037987,US,"Parcel order manifested, ready for export ","2023-11-17 23:43:35"
17009P1115230000037986,NULL,"Parcel Order Scanned","2023-11-17 14:10:05"
17009P1115230000037986,NULL,"Parcel Data Received, Shipment In Route To US Export Warehouse","2023-11-15 16:28:05"
17009P1115230000037986,US,"Parcel order manifested, ready for export ","2023-11-17 23:43:35"
17009P1114230000037777,NULL,"Parcel Order Scanned","2023-11-17 13:53:20"
17009P1114230000037777,NULL,"Parcel Data Received, Shipment In Route To US Export Warehouse","2023-11-14 20:32:13"
17009P1114230000037777,US,"Parcel order manifested, ready for export ","2023-11-17 19:13:05"
17009P1114230000037750,NULL,"Parcel Order Scanned","2023-11-17 13:51:00"
17009P1114230000037750,NULL,"Parcel Data Received, Shipment In Route To US Export Warehouse","2023-11-14 20:03:56"
17009P1114230000037750,US,"Parcel order manifested, ready for export ","2023-11-17 19:13:05"
17009P1114230000037754,NULL,"Parcel Order Scanned","2023-11-17 13:50:50"
17009P1114230000037754,NULL,"Parcel Data Received, Shipment In Route To US Export Warehouse","2023-11-14 20:08:48"
17009P1114230000037754,US,"Parcel order manifested, ready for export ","2023-11-17 23:43:34"
17009P1114230000037778,NULL,"Parcel Order Scanned","2023-11-17 13:50:28"
17009P1114230000037778,NULL,"Parcel Data Received, Shipment In Route To US Export Warehouse","2023-11-14 20:34:42"
17009P1114230000037778,US,"Parcel order manifested, ready for export ","2023-11-17 19:13:05"
17009P1114230000037741,NULL,"Parcel Order Scanned","2023-11-17 13:50:15"
17009P1114230000037741,NULL,"Parcel Data Received, Shipment In Route To US Export Warehouse","2023-11-14 19:58:46"
17009P1114230000037741,US,"Parcel order manifested, ready for export ","2023-11-17 19:13:05"
17009P1114230000037770,NULL,"Parcel Order Scanned","2023-11-17 13:48:51"
17009P1114230000037770,NULL,"Parcel Data Received, Shipment In Route To US Export Warehouse","2023-11-14 20:16:12"
17009P1114230000037770,US,"Parcel order manifested, ready for export ","2023-11-17 19:13:05"
17009P1114230000037463,NULL,"Parcel Order Scanned","2023-11-17 13:47:45"
17009P1114230000037463,NULL,"Parcel Data Received, Shipment In Route To US Export Warehouse","2023-11-14 14:20:46"
17009P1114230000037463,US,"Parcel order manifested, ready for export ","2023-11-17 19:38:59"
17009P1114230000037783,NULL,"Parcel Order Scanned","2023-11-17 13:47:05"
17009P1114230000037783,NULL,"Parcel Data Received, Shipment In Route To US Export Warehouse","2023-11-14 20:40:22"
17009P1114230000037783,US,"Parcel order manifested, ready for export ","2023-11-17 19:13:05"
17009P1114230000037363,NULL,"Parcel Order Scanned","2023-11-17 13:46:53"
17009P1114230000037363,NULL,"Parcel Data Received, Shipment In Route To US Export Warehouse","2023-11-14 09:31:39"
17009P1114230000037363,US,"Parcel order manifested, ready for export ","2023-11-17 23:42:59"
17009P1115230000038234,NULL,"Parcel Order Scanned","2023-11-17 13:32:23"
17009P1115230000038234,NULL,"Parcel Data Received, Shipment In Route To US Export Warehouse","2023-11-15 20:42:14"
17009P1115230000038234,US,"Parcel order manifested, ready for export ","2023-11-17 23:44:30"
1626201262625351,NULL,"Parcel Data Received, Shipment In Route To US Export Warehouse","2023-11-17 10:10:58"
1626201262625351,NULL,"Parcel Order Scanned","2023-11-17 22:58:23"
1626201262625351,US,"Parcel order manifested, ready for export ","2023-11-18 18:26:22"
1626201262625350,NULL,"Parcel Data Received, Shipment In Route To US Export Warehouse","2023-11-17 10:10:58"
1626201262625350,NULL,"Parcel Order Scanned","2023-11-17 22:56:18"
1626201262625350,US,"Parcel order manifested, ready for export ","2023-11-18 18:26:22"
1626201262625345,NULL,"Parcel Data Received, Shipment In Route To US Export Warehouse","2023-11-17 10:10:58"
1626201262625345,NULL,"Parcel Order Scanned","2023-11-17 22:57:31"
1626201262625345,US,"Parcel order manifested, ready for export ","2023-11-18 18:26:22"
PG0474988163CAA,NULL,"Parcel Order Scanned","2023-11-16 23:15:24"
PG0474988163CAA,NULL,"Parcel Order Manifested , Ready For Export","2023-11-17 06:33:32"
PG0474988163CAA,NULL,"Departed Processing Center","2023-11-17 18:00:00"
1860603260027217,NULL,"Parcel Data Received, Shipment In Route To US Export Warehouse","2023-11-17 04:14:32"
1860603260027217,NULL,"Parcel Order Scanned","2023-11-17 15:08:36"
1860603260027217,US,"Parcel order manifested, ready for export ","2023-11-17 23:43:04"
1860603260027234,NULL,"Parcel Data Received, Shipment In Route To US Export Warehouse","2023-11-17 04:14:32"
1860603260027234,NULL,"Parcel Order Scanned","2023-11-17 15:14:09"
1860603260027234,US,"Parcel order manifested, ready for export ","2023-11-17 23:44:33"
1860603260027219,NULL,"Parcel Data Received, Shipment In Route To US Export Warehouse","2023-11-17 04:14:32"
1860603260027219,NULL,"Parcel Order Scanned","2023-11-17 15:09:02"
1860603260027219,US,"Parcel order manifested, ready for export ","2023-11-17 23:43:04"
1860603260027220,NULL,"Parcel Data Received, Shipment In Route To US Export Warehouse","2023-11-17 04:14:32"
1860603260027220,NULL,"Parcel Order Scanned","2023-11-17 15:08:49"
1860603260027220,US,"Parcel order manifested, ready for export ","2023-11-17 23:43:04"
1860603260027223,NULL,"Parcel Data Received, Shipment In Route To US Export Warehouse","2023-11-17 04:14:32"
1860603260027223,NULL,"Parcel Order Scanned","2023-11-17 15:05:38"
1860603260027223,US,"Parcel order manifested, ready for export ","2023-11-18 18:26:22"
1860603260027231,NULL,"Parcel Data Received, Shipment In Route To US Export Warehouse","2023-11-17 04:14:32"
1860603260027231,NULL,"Parcel Order Scanned","2023-11-17 15:09:52"
1860603260027231,US,"Parcel order manifested, ready for export ","2023-11-17 23:43:41"
1860603260027218,NULL,"Parcel Data Received, Shipment In Route To US Export Warehouse","2023-11-17 04:14:32"
1860603260027218,NULL,"Parcel Order Scanned","2023-11-17 15:10:46"
1860603260027218,US,"Parcel order manifested, ready for export ","2023-11-17 23:43:04"
1860603260027227,NULL,"Parcel Data Received, Shipment In Route To US Export Warehouse","2023-11-17 04:14:32"
1860603260027227,NULL,"Parcel Order Scanned","2023-11-17 15:06:25"
1860603260027227,US,"Parcel order manifested, ready for export ","2023-11-18 18:26:22"
1860603260027221,NULL,"Parcel Data Received, Shipment In Route To US Export Warehouse","2023-11-17 04:14:32"
1860603260027221,NULL,"Parcel Order Scanned","2023-11-17 15:13:15"
1860603260027221,US,"Parcel order manifested, ready for export ","2023-11-17 23:43:05"
1860603260027225,NULL,"Parcel Data Received, Shipment In Route To US Export Warehouse","2023-11-17 04:14:32"
1860603260027225,NULL,"Parcel Order Scanned","2023-11-17 15:11:09"
1860603260027225,US,"Parcel order manifested, ready for export ","2023-11-17 23:43:41"
1860603260027235,NULL,"Parcel Data Received, Shipment In Route To US Export Warehouse","2023-11-17 04:14:32"
1860603260027235,NULL,"Parcel Order Scanned","2023-11-17 15:12:49"
1860603260027235,US,"Parcel order manifested, ready for export ","2023-11-17 23:44:33"
1820201260018822,NULL,"Parcel Data Received, Shipment In Route To US Export Warehouse","2023-11-17 04:14:32"
1820201260018822,NULL,"Parcel Order Scanned","2023-11-17 18:15:19"
1820201260018822,US,"Parcel order manifested, ready for export ","2023-11-18 18:25:59"
1820201260018805,NULL,"Parcel Data Received, Shipment In Route To US Export Warehouse","2023-11-17 04:14:32"
1820201260018805,NULL,"Parcel Order Scanned","2023-11-17 18:14:34"
1820201260018805,US,"Parcel order manifested, ready for export ","2023-11-18 18:25:58"
1820201260018799,NULL,"Parcel Data Received, Shipment In Route To US Export Warehouse","2023-11-17 04:14:32"
1820201260018799,NULL,"Parcel Order Scanned","2023-11-17 18:13:21"
1820201260018799,US,"Parcel order manifested, ready for export ","2023-11-18 18:25:58"
1820201260018833,NULL,"Parcel Data Received, Shipment In Route To US Export Warehouse","2023-11-17 04:14:32"
1820201260018833,NULL,"Parcel Order Scanned","2023-11-17 18:15:36"
1820201260018833,US,"Parcel order manifested, ready for export ","2023-11-18 18:25:59"
1820201260018853,NULL,"Parcel Data Received, Shipment In Route To US Export Warehouse","2023-11-17 04:14:32"
1820201260018853,NULL,"Parcel Order Scanned","2023-11-17 18:12:34"
1820201260018853,US,"Parcel order manifested, ready for export ","2023-11-18 18:25:59"
1820201260018701,NULL,"Parcel Data Received, Shipment In Route To US Export Warehouse","2023-11-17 04:14:32"
1820201260018701,NULL,"Parcel Order Scanned","2023-11-17 18:24:37"
1820201260018701,US,"Parcel order manifested, ready for export ","2023-11-18 18:25:57"
1820201260018810,NULL,"Parcel Data Received, Shipment In Route To US Export Warehouse","2023-11-17 04:14:32"
1820201260018810,NULL,"Parcel Order Scanned","2023-11-17 18:20:18"
1820201260018810,US,"Parcel order manifested, ready for export ","2023-11-18 18:25:59"
1820201260018824,NULL,"Parcel Data Received, Shipment In Route To US Export Warehouse","2023-11-17 04:14:32"
1820201260018824,NULL,"Parcel Order Scanned","2023-11-17 18:29:36"
1820201260018824,US,"Parcel order manifested, ready for export ","2023-11-18 18:25:59"
1820201260018769,NULL,"Parcel Data Received, Shipment In Route To US Export Warehouse","2023-11-17 04:14:32"
1820201260018769,NULL,"Parcel Order Scanned","2023-11-17 18:29:22"
1820201260018769,US,"Parcel order manifested, ready for export ","2023-11-18 18:25:58"
1820201260018693,NULL,"Parcel Data Received, Shipment In Route To US Export Warehouse","2023-11-17 04:14:32"
1820201260018693,NULL,"Parcel Order Scanned","2023-11-17 18:22:14"
1820201260018693,US,"Parcel order manifested, ready for export ","2023-11-18 18:25:57"
1820201260018836,NULL,"Parcel Data Received, Shipment In Route To US Export Warehouse","2023-11-17 04:14:32"
1820201260018836,NULL,"Parcel Order Scanned","2023-11-17 18:11:38"
1820201260018836,US,"Parcel order manifested, ready for export ","2023-11-18 18:25:59"
1820201260018793,NULL,"Parcel Data Received, Shipment In Route To US Export Warehouse","2023-11-17 04:14:32"
1820201260018793,NULL,"Parcel Order Scanned","2023-11-17 18:10:16"
1820201260018793,US,"Parcel order manifested, ready for export ","2023-11-18 18:25:58"
1820201260018716,NULL,"Parcel Data Received, Shipment In Route To US Export Warehouse","2023-11-17 04:14:32"
1820201260018716,NULL,"Parcel Order Scanned","2023-11-17 18:28:07"
1820201260018716,US,"Parcel order manifested, ready for export ","2023-11-18 18:25:58"
1820201260018827,NULL,"Parcel Data Received, Shipment In Route To US Export Warehouse","2023-11-17 04:14:32"
1820201260018827,NULL,"Parcel Order Scanned","2023-11-17 18:15:08"
1820201260018827,US,"Parcel order manifested, ready for export ","2023-11-18 18:25:59"
1820201260018684,NULL,"Parcel Data Received, Shipment In Route To US Export Warehouse","2023-11-17 04:14:32"
1820201260018684,NULL,"Parcel Order Scanned","2023-11-17 18:25:59"
1820201260018684,US,"Parcel order manifested, ready for export ","2023-11-18 18:25:57"
1820201260018761,NULL,"Parcel Data Received, Shipment In Route To US Export Warehouse","2023-11-17 04:14:32"
1820201260018761,NULL,"Parcel Order Scanned","2023-11-17 18:28:41"
1820201260018761,US,"Parcel order manifested, ready for export ","2023-11-18 18:25:58"
1820201260018709,NULL,"Parcel Data Received, Shipment In Route To US Export Warehouse","2023-11-17 04:14:32"
1820201260018709,NULL,"Parcel Order Scanned","2023-11-17 18:26:47"
1820201260018709,US,"Parcel order manifested, ready for export ","2023-11-18 18:25:57"
1820201260018813,NULL,"Parcel Data Received, Shipment In Route To US Export Warehouse","2023-11-17 04:14:32"
1820201260018813,NULL,"Parcel Order Scanned","2023-11-17 18:21:00"
1820201260018813,US,"Parcel order manifested, ready for export ","2023-11-18 18:25:59"
1820201260018830,NULL,"Parcel Data Received, Shipment In Route To US Export Warehouse","2023-11-17 04:14:32"
1820201260018830,NULL,"Parcel Order Scanned","2023-11-17 18:12:20"
1820201260018830,US,"Parcel order manifested, ready for export ","2023-11-18 18:25:59"
1820201260018681,NULL,"Parcel Data Received, Shipment In Route To US Export Warehouse","2023-11-17 04:14:32"
1820201260018681,NULL,"Parcel Order Scanned","2023-11-17 18:34:08"
1820201260018681,US,"Parcel order manifested, ready for export ","2023-11-18 18:25:57"
1820201260018798,NULL,"Parcel Data Received, Shipment In Route To US Export Warehouse","2023-11-17 04:14:32"
1820201260018798,NULL,"Parcel Order Scanned","2023-11-17 18:10:30"
1820201260018798,US,"Parcel order manifested, ready for export ","2023-11-18 18:25:58"
1820201260018695,NULL,"Parcel Data Received, Shipment In Route To US Export Warehouse","2023-11-17 04:14:32"
1820201260018695,NULL,"Parcel Order Scanned","2023-11-17 18:31:33"
1820201260018695,US,"Parcel order manifested, ready for export ","2023-11-18 18:25:57"
1820201260018698,NULL,"Parcel Data Received, Shipment In Route To US Export Warehouse","2023-11-17 04:14:32"
1820201260018698,NULL,"Parcel Order Scanned","2023-11-17 18:23:54"
1820201260018698,US,"Parcel order manifested, ready for export ","2023-11-18 18:25:57"
1820201260018812,NULL,"Parcel Data Received, Shipment In Route To US Export Warehouse","2023-11-17 04:14:32"
1820201260018812,NULL,"Parcel Order Scanned","2023-11-17 18:09:46"
1820201260018812,US,"Parcel order manifested, ready for export ","2023-11-18 18:25:59"
1820201260018803,NULL,"Parcel Data Received, Shipment In Route To US Export Warehouse","2023-11-17 04:14:32"
1820201260018803,NULL,"Parcel Order Scanned","2023-11-17 18:13:38"
1820201260018803,US,"Parcel order manifested, ready for export ","2023-11-18 18:25:58"
1820201260018826,NULL,"Parcel Data Received, Shipment In Route To US Export Warehouse","2023-11-17 04:14:32"
1820201260018826,NULL,"Parcel Order Scanned","2023-11-17 18:10:42"
1820201260018826,US,"Parcel order manifested, ready for export ","2023-11-18 18:25:59"
1820201260018817,NULL,"Parcel Data Received, Shipment In Route To US Export Warehouse","2023-11-17 04:14:32"
1820201260018817,NULL,"Parcel Order Scanned","2023-11-17 18:14:03"
1820201260018817,US,"Parcel order manifested, ready for export ","2023-11-18 18:25:59"
1820201260018694,NULL,"Parcel Data Received, Shipment In Route To US Export Warehouse","2023-11-17 04:14:32"
1820201260018694,NULL,"Parcel Order Scanned","2023-11-17 18:31:02"
1820201260018694,US,"Parcel order manifested, ready for export ","2023-11-18 18:25:57"
1820201260018708,NULL,"Parcel Data Received, Shipment In Route To US Export Warehouse","2023-11-17 04:14:32"
1820201260018708,NULL,"Parcel Order Scanned","2023-11-17 18:40:52"
1820201260018708,US,"Parcel order manifested, ready for export ","2023-11-18 18:25:57"
1820201260018794,NULL,"Parcel Data Received, Shipment In Route To US Export Warehouse","2023-11-17 04:14:32"
1820201260018794,NULL,"Parcel Order Scanned","2023-11-17 18:10:56"
1820201260018794,US,"Parcel order manifested, ready for export ","2023-11-18 18:25:58"
1820201260018828,NULL,"Parcel Data Received, Shipment In Route To US Export Warehouse","2023-11-17 04:14:32"
1820201260018828,NULL,"Parcel Order Scanned","2023-11-17 18:11:26"
1820201260018828,US,"Parcel order manifested, ready for export ","2023-11-18 18:25:59"
1820201260018699,NULL,"Parcel Data Received, Shipment In Route To US Export Warehouse","2023-11-17 04:14:32"
1820201260018699,NULL,"Parcel Order Scanned","2023-11-17 18:35:34"
1820201260018699,US,"Parcel order manifested, ready for export ","2023-11-18 18:25:57"
1820201260018690,NULL,"Parcel Data Received, Shipment In Route To US Export Warehouse","2023-11-17 04:14:32"
1820201260018690,NULL,"Parcel Order Scanned","2023-11-17 18:33:12"
1820201260018690,US,"Parcel order manifested, ready for export ","2023-11-18 18:25:57"
1820201260018704,NULL,"Parcel Data Received, Shipment In Route To US Export Warehouse","2023-11-17 04:14:32"
1820201260018704,NULL,"Parcel Order Scanned","2023-11-17 18:29:02"
1820201260018704,US,"Parcel order manifested, ready for export ","2023-11-18 18:25:57"
1820201260018807,NULL,"Parcel Data Received, Shipment In Route To US Export Warehouse","2023-11-17 04:14:32"
1820201260018807,NULL,"Parcel Order Scanned","2023-11-17 18:20:37"
1820201260018807,US,"Parcel order manifested, ready for export ","2023-11-18 18:25:58"
1820201260018687,NULL,"Parcel Data Received, Shipment In Route To US Export Warehouse","2023-11-17 04:14:32"
1820201260018687,NULL,"Parcel Order Scanned","2023-11-17 18:32:41"
1820201260018687,US,"Parcel order manifested, ready for export ","2023-11-18 18:25:57"
1820201260018821,NULL,"Parcel Data Received, Shipment In Route To US Export Warehouse","2023-11-17 04:14:32"
1820201260018821,NULL,"Parcel Order Scanned","2023-11-17 18:19:49"
1820201260018821,US,"Parcel order manifested, ready for export ","2023-11-18 18:25:59"
1820201260018804,NULL,"Parcel Data Received, Shipment In Route To US Export Warehouse","2023-11-17 04:14:32"
1820201260018804,NULL,"Parcel Order Scanned","2023-11-17 18:11:09"
1820201260018804,US,"Parcel order manifested, ready for export ","2023-11-18 18:25:58"
1820201260018689,NULL,"Parcel Data Received, Shipment In Route To US Export Warehouse","2023-11-17 04:14:32"
1820201260018689,NULL,"Parcel Order Scanned","2023-11-17 18:25:32"
1820201260018689,US,"Parcel order manifested, ready for export ","2023-11-18 18:25:57"
1820201260018686,NULL,"Parcel Data Received, Shipment In Route To US Export Warehouse","2023-11-17 04:14:32"
1820201260018686,NULL,"Parcel Order Scanned","2023-11-17 18:33:57"
1820201260018686,US,"Parcel order manifested, ready for export ","2023-11-18 18:25:57"
1820201260018766,NULL,"Parcel Data Received, Shipment In Route To US Export Warehouse","2023-11-17 04:14:32"
1820201260018766,NULL,"Parcel Order Scanned","2023-11-17 18:17:32"
1820201260018766,US,"Parcel order manifested, ready for export ","2023-11-18 18:25:58"
1820201260018700,NULL,"Parcel Data Received, Shipment In Route To US Export Warehouse","2023-11-17 04:14:32"
1820201260018700,NULL,"Parcel Order Scanned","2023-11-17 18:31:13"
1820201260018700,US,"Parcel order manifested, ready for export ","2023-11-18 18:25:57"
1820201260018809,NULL,"Parcel Data Received, Shipment In Route To US Export Warehouse","2023-11-17 04:14:32"
1820201260018809,NULL,"Parcel Order Scanned","2023-11-17 18:14:19"
1820201260018809,US,"Parcel order manifested, ready for export ","2023-11-18 18:25:58"
1820201260018691,NULL,"Parcel Data Received, Shipment In Route To US Export Warehouse","2023-11-17 04:14:32"
1820201260018691,NULL,"Parcel Order Scanned","2023-11-17 18:41:22"
1820201260018691,US,"Parcel order manifested, ready for export ","2023-11-18 18:25:57"
1820201260018843,NULL,"Parcel Data Received, Shipment In Route To US Export Warehouse","2023-11-17 04:14:32"
1820201260018843,NULL,"Parcel Order Scanned","2023-11-17 18:08:44"
1820201260018843,US,"Parcel order manifested, ready for export ","2023-11-18 18:25:59"
1820201260018800,NULL,"Parcel Data Received, Shipment In Route To US Export Warehouse","2023-11-17 04:14:32"
1820201260018800,NULL,"Parcel Order Scanned","2023-11-17 18:19:05"
1820201260018800,US,"Parcel order manifested, ready for export ","2023-11-18 18:25:58"
1820201260018725,NULL,"Parcel Data Received, Shipment In Route To US Export Warehouse","2023-11-17 04:14:32"
1820201260018725,NULL,"Parcel Order Scanned","2023-11-17 18:39:27"
1820201260018725,US,"Parcel order manifested, ready for export ","2023-11-18 18:25:58"
1820201260018811,NULL,"Parcel Data Received, Shipment In Route To US Export Warehouse","2023-11-17 04:14:32"
1820201260018811,NULL,"Parcel Order Scanned","2023-11-17 18:14:55"
1820201260018811,US,"Parcel order manifested, ready for export ","2023-11-18 18:25:59"
1820201260018802,NULL,"Parcel Data Received, Shipment In Route To US Export Warehouse","2023-11-17 04:14:32"
1820201260018802,NULL,"Parcel Order Scanned","2023-11-17 18:27:54"
1820201260018802,US,"Parcel order manifested, ready for export ","2023-11-18 18:25:58"
1820201260018682,NULL,"Parcel Data Received, Shipment In Route To US Export Warehouse","2023-11-17 04:14:32"
1820201260018682,NULL,"Parcel Order Scanned","2023-11-17 18:40:02"
1820201260018682,US,"Parcel order manifested, ready for export ","2023-11-18 18:25:57"
1820201260018825,NULL,"Parcel Data Received, Shipment In Route To US Export Warehouse","2023-11-17 04:14:32"
1820201260018825,NULL,"Parcel Order Scanned","2023-11-17 18:27:01"
1820201260018825,US,"Parcel order manifested, ready for export ","2023-11-18 18:25:59"
1820201260018712,NULL,"Parcel Data Received, Shipment In Route To US Export Warehouse","2023-11-17 04:14:32"
1820201260018712,NULL,"Parcel Order Scanned","2023-11-17 18:41:38"
1820201260018712,US,"Parcel order manifested, ready for export ","2023-11-18 18:25:58"
1820201260018829,NULL,"Parcel Data Received, Shipment In Route To US Export Warehouse","2023-11-17 04:14:32"
1820201260018829,NULL,"Parcel Order Scanned","2023-11-17 18:08:29"
1820201260018829,US,"Parcel order manifested, ready for export ","2023-11-18 18:25:59"
1820201260018849,NULL,"Parcel Data Received, Shipment In Route To US Export Warehouse","2023-11-17 04:14:32"
1820201260018849,NULL,"Parcel Order Scanned","2023-11-17 18:05:58"
1820201260018849,US,"Parcel order manifested, ready for export ","2023-11-18 18:26:22"
1820201260018680,NULL,"Parcel Data Received, Shipment In Route To US Export Warehouse","2023-11-17 04:14:32"
1820201260018680,NULL,"Parcel Order Scanned","2023-11-17 18:34:50"
1820201260018680,US,"Parcel order manifested, ready for export ","2023-11-18 18:25:56"
1820201260018797,NULL,"Parcel Data Received, Shipment In Route To US Export Warehouse","2023-11-17 04:14:32"
1820201260018797,NULL,"Parcel Order Scanned","2023-11-17 18:19:29"
1820201260018797,US,"Parcel order manifested, ready for export ","2023-11-18 18:25:58"
1820201260018697,NULL,"Parcel Data Received, Shipment In Route To US Export Warehouse","2023-11-17 04:14:32"
1820201260018697,NULL,"Parcel Order Scanned","2023-11-17 18:29:54"
1820201260018697,US,"Parcel order manifested, ready for export ","2023-11-18 18:25:57"
1820201260018831,NULL,"Parcel Data Received, Shipment In Route To US Export Warehouse","2023-11-17 04:14:32"
1820201260018831,NULL,"Parcel Order Scanned","2023-11-17 18:16:54"
1820201260018831,US,"Parcel order manifested, ready for export ","2023-11-18 18:25:59"
1820201260018696,NULL,"Parcel Data Received, Shipment In Route To US Export Warehouse","2023-11-17 04:14:32"
1820201260018696,NULL,"Parcel Order Scanned","2023-11-17 18:17:13"
1820201260018696,US,"Parcel order manifested, ready for export ","2023-11-18 18:25:57"
1820201260018703,NULL,"Parcel Data Received, Shipment In Route To US Export Warehouse","2023-11-17 04:14:32"
1820201260018703,NULL,"Parcel Order Scanned","2023-11-17 18:35:57"
1820201260018703,US,"Parcel order manifested, ready for export ","2023-11-18 18:25:57"
1820201260018706,NULL,"Parcel Data Received, Shipment In Route To US Export Warehouse","2023-11-17 04:14:32"
1820201260018706,NULL,"Parcel Order Scanned","2023-11-17 18:21:46"
1820201260018706,US,"Parcel order manifested, ready for export ","2023-11-18 18:25:57"
1820201260018720,NULL,"Parcel Data Received, Shipment In Route To US Export Warehouse","2023-11-17 04:14:32"
1820201260018720,NULL,"Parcel Order Scanned","2023-11-17 18:35:14"
1820201260018720,US,"Parcel order manifested, ready for export ","2023-11-18 18:25:58"
1820201260018723,NULL,"Parcel Data Received, Shipment In Route To US Export Warehouse","2023-11-17 04:14:32"
1820201260018723,NULL,"Parcel Order Scanned","2023-11-17 18:36:16"
1820201260018723,US,"Parcel order manifested, ready for export ","2023-11-18 18:25:58"
1820201260018806,NULL,"Parcel Data Received, Shipment In Route To US Export Warehouse","2023-11-17 04:14:32"
1820201260018806,NULL,"Parcel Order Scanned","2023-11-17 18:21:21"
1820201260018806,US,"Parcel order manifested, ready for export ","2023-11-18 18:25:58"
1820201260018789,NULL,"Parcel Data Received, Shipment In Route To US Export Warehouse","2023-11-17 04:14:32"
1820201260018789,NULL,"Parcel Order Scanned","2023-11-17 18:19:16"
1820201260018789,US,"Parcel order manifested, ready for export ","2023-11-18 18:25:58"
1820201260018757,NULL,"Parcel Data Received, Shipment In Route To US Export Warehouse","2023-11-17 04:14:32"
1820201260018757,NULL,"Parcel Order Scanned","2023-11-17 18:18:38"
1820201260018757,US,"Parcel order manifested, ready for export ","2023-11-18 18:25:58"
1820201260018820,NULL,"Parcel Data Received, Shipment In Route To US Export Warehouse","2023-11-17 04:14:32"
1820201260018820,NULL,"Parcel Order Scanned","2023-11-17 18:16:10"
1820201260018820,US,"Parcel order manifested, ready for export ","2023-11-18 18:25:59"
1820201260018705,NULL,"Parcel Data Received, Shipment In Route To US Export Warehouse","2023-11-17 04:14:32"
1820201260018705,NULL,"Parcel Order Scanned","2023-11-17 18:38:52"
1820201260018705,US,"Parcel order manifested, ready for export ","2023-11-18 18:25:57"
16889P1115230000038117,NULL,"Parcel Order Scanned","2023-11-17 06:04:18"
16889P1115230000038117,NULL,"Parcel Data Received, Shipment In Route To US Export Warehouse","2023-11-15 18:49:55"
16889P1115230000038117,US,"Parcel order manifested, ready for export ","2023-11-17 16:16:55"
16889P1115230000038121,NULL,"Parcel Order Scanned","2023-11-17 06:04:09"
16889P1115230000038121,NULL,"Parcel Data Received, Shipment In Route To US Export Warehouse","2023-11-15 18:49:58"
16889P1115230000038121,US,"Parcel order manifested, ready for export ","2023-11-17 16:16:55"
16889P1115230000038119,NULL,"Parcel Order Scanned","2023-11-17 06:03:59"
16889P1115230000038119,NULL,"Parcel Data Received, Shipment In Route To US Export Warehouse","2023-11-15 18:49:56"
16889P1115230000038119,US,"Parcel order manifested, ready for export ","2023-11-17 16:16:55"
16889P1115230000038123,NULL,"Parcel Order Scanned","2023-11-17 06:03:41"
16889P1115230000038123,NULL,"Parcel Data Received, Shipment In Route To US Export Warehouse","2023-11-15 18:50:02"
16889P1115230000038123,US,"Parcel order manifested, ready for export ","2023-11-17 16:18:14"
16889P1115230000038048,NULL,"Parcel Order Scanned","2023-11-17 06:03:32"
16889P1115230000038048,NULL,"Parcel Data Received, Shipment In Route To US Export Warehouse","2023-11-15 17:58:51"
16889P1115230000038048,US,"Parcel order manifested, ready for export ","2023-11-17 16:16:55"
16889P1115230000038049,NULL,"Parcel Order Scanned","2023-11-17 06:03:14"
16889P1115230000038049,NULL,"Parcel Data Received, Shipment In Route To US Export Warehouse","2023-11-15 17:58:51"
16889P1115230000038049,US,"Parcel order manifested, ready for export ","2023-11-17 16:16:55"
16889P1115230000038320,NULL,"Parcel Order Scanned","2023-11-17 06:03:06"
16889P1115230000038320,NULL,"Parcel Data Received, Shipment In Route To US Export Warehouse","2023-11-15 22:30:25"
16889P1115230000038320,US,"Parcel order manifested, ready for export ","2023-11-17 15:26:59"
16889P1115230000038120,NULL,"Parcel Order Scanned","2023-11-17 06:03:04"
16889P1115230000038120,NULL,"Parcel Data Received, Shipment In Route To US Export Warehouse","2023-11-15 18:49:57"
16889P1115230000038120,US,"Parcel order manifested, ready for export ","2023-11-17 16:18:14"
16889P1115230000038051,NULL,"Parcel Order Scanned","2023-11-17 06:02:52"
16889P1115230000038051,NULL,"Parcel Data Received, Shipment In Route To US Export Warehouse","2023-11-15 17:58:54"
16889P1115230000038051,US,"Parcel order manifested, ready for export ","2023-11-17 16:18:14"
16889P1115230000038314,NULL,"Parcel Order Scanned","2023-11-17 06:02:51"
16889P1115230000038314,NULL,"Parcel Data Received, Shipment In Route To US Export Warehouse","2023-11-15 22:30:19"
16889P1115230000038314,US,"Parcel order manifested, ready for export ","2023-11-17 15:26:59"
16889P1115230000038052,NULL,"Parcel Order Scanned","2023-11-17 06:02:41"
16889P1115230000038052,NULL,"Parcel Data Received, Shipment In Route To US Export Warehouse","2023-11-15 17:58:57"
16889P1115230000038052,US,"Parcel order manifested, ready for export ","2023-11-17 16:16:55"
16889P1115230000038329,NULL,"Parcel Order Scanned","2023-11-17 06:02:23"
16889P1115230000038329,NULL,"Parcel Data Received, Shipment In Route To US Export Warehouse","2023-11-15 22:43:33"
16889P1115230000038329,US,"Parcel order manifested, ready for export ","2023-11-17 15:27:00"
16889P1115230000038322,NULL,"Parcel Order Scanned","2023-11-17 06:02:08"
16889P1115230000038322,NULL,"Parcel Data Received, Shipment In Route To US Export Warehouse","2023-11-15 22:30:25"
16889P1115230000038322,US,"Parcel order manifested, ready for export ","2023-11-17 15:27:00"
16889P1115230000038054,NULL,"Parcel Order Scanned","2023-11-17 06:01:37"
16889P1115230000038054,NULL,"Parcel Data Received, Shipment In Route To US Export Warehouse","2023-11-15 17:58:59"
16889P1115230000038054,US,"Parcel order manifested, ready for export ","2023-11-17 16:16:55"
16889P1115230000038316,NULL,"Parcel Order Scanned","2023-11-17 06:01:27"
16889P1115230000038316,NULL,"Parcel Data Received, Shipment In Route To US Export Warehouse","2023-11-15 22:30:22"
16889P1115230000038316,US,"Parcel order manifested, ready for export ","2023-11-17 15:26:59"
16889P1115230000038122,NULL,"Parcel Order Scanned","2023-11-17 06:01:24"
16889P1115230000038122,NULL,"Parcel Data Received, Shipment In Route To US Export Warehouse","2023-11-15 18:50:01"
16889P1115230000038122,US,"Parcel order manifested, ready for export ","2023-11-17 16:16:55"
16889P1115230000038047,NULL,"Parcel Order Scanned","2023-11-17 06:01:09"
16889P1115230000038047,NULL,"Parcel Data Received, Shipment In Route To US Export Warehouse","2023-11-15 17:58:50"
16889P1115230000038047,US,"Parcel order manifested, ready for export ","2023-11-17 16:16:55"
16889P1115230000038318,NULL,"Parcel Order Scanned","2023-11-17 06:00:59"
16889P1115230000038318,NULL,"Parcel Data Received, Shipment In Route To US Export Warehouse","2023-11-15 22:30:24"
16889P1115230000038318,US,"Parcel order manifested, ready for export ","2023-11-17 15:26:59"
16889P1115230000038118,NULL,"Parcel Order Scanned","2023-11-17 06:00:50"
16889P1115230000038118,NULL,"Parcel Data Received, Shipment In Route To US Export Warehouse","2023-11-15 18:49:56"
16889P1115230000038118,US,"Parcel order manifested, ready for export ","2023-11-17 16:16:55"
16889P1115230000038053,NULL,"Parcel Order Scanned","2023-11-17 06:00:40"
16889P1115230000038053,NULL,"Parcel Data Received, Shipment In Route To US Export Warehouse","2023-11-15 17:58:59"
16889P1115230000038053,US,"Parcel order manifested, ready for export ","2023-11-17 16:16:55"
16889P1115230000038315,NULL,"Parcel Order Scanned","2023-11-17 06:00:31"
16889P1115230000038315,NULL,"Parcel Data Received, Shipment In Route To US Export Warehouse","2023-11-15 22:30:20"
16889P1115230000038315,US,"Parcel order manifested, ready for export ","2023-11-17 15:26:59"
16889P1115230000038032,NULL,"Parcel Order Scanned","2023-11-17 06:00:26"
16889P1115230000038032,NULL,"Parcel Data Received, Shipment In Route To US Export Warehouse","2023-11-15 17:42:21"
16889P1115230000038032,US,"Parcel order manifested, ready for export ","2023-11-17 16:16:55"
16889P1115230000038317,NULL,"Parcel Order Scanned","2023-11-17 06:00:17"
16889P1115230000038317,NULL,"Parcel Data Received, Shipment In Route To US Export Warehouse","2023-11-15 22:30:23"
16889P1115230000038317,US,"Parcel order manifested, ready for export ","2023-11-17 15:26:59"
16889P1115230000038027,NULL,"Parcel Order Scanned","2023-11-17 06:00:08"
16889P1115230000038027,NULL,"Parcel Data Received, Shipment In Route To US Export Warehouse","2023-11-15 17:42:16"
16889P1115230000038027,US,"Parcel order manifested, ready for export ","2023-11-17 16:16:55"
16889P1115230000038323,NULL,"Parcel Order Scanned","2023-11-17 05:59:58"
16889P1115230000038323,NULL,"Parcel Data Received, Shipment In Route To US Export Warehouse","2023-11-15 22:30:29"
16889P1115230000038323,US,"Parcel order manifested, ready for export ","2023-11-17 15:27:00"
16889P1115230000038028,NULL,"Parcel Order Scanned","2023-11-17 05:59:58"
16889P1115230000038028,NULL,"Parcel Data Received, Shipment In Route To US Export Warehouse","2023-11-15 17:42:16"
16889P1115230000038028,US,"Parcel order manifested, ready for export ","2023-11-17 16:16:55"
16889P1115230000038033,NULL,"Parcel Order Scanned","2023-11-17 05:59:47"
16889P1115230000038033,NULL,"Parcel Data Received, Shipment In Route To US Export Warehouse","2023-11-15 17:42:22"
16889P1115230000038033,US,"Parcel order manifested, ready for export ","2023-11-17 16:18:14"
16889P1115230000038031,NULL,"Parcel Order Scanned","2023-11-17 05:59:41"
16889P1115230000038031,NULL,"Parcel Data Received, Shipment In Route To US Export Warehouse","2023-11-15 17:42:21"
16889P1115230000038031,US,"Parcel order manifested, ready for export ","2023-11-17 16:16:55"
16889P1115230000038319,NULL,"Parcel Order Scanned","2023-11-17 05:59:26"
16889P1115230000038319,NULL,"Parcel Data Received, Shipment In Route To US Export Warehouse","2023-11-15 22:30:25"
16889P1115230000038319,US,"Parcel order manifested, ready for export ","2023-11-17 15:26:59"
16889P1115230000038029,NULL,"Parcel Order Scanned","2023-11-17 05:59:25"
16889P1115230000038029,NULL,"Parcel Data Received, Shipment In Route To US Export Warehouse","2023-11-15 17:42:18"
16889P1115230000038029,US,"Parcel order manifested, ready for export ","2023-11-17 16:16:55"
16889P1115230000038050,NULL,"Parcel Order Scanned","2023-11-17 05:59:15"
16889P1115230000038050,NULL,"Parcel Data Received, Shipment In Route To US Export Warehouse","2023-11-15 17:58:54"
16889P1115230000038050,US,"Parcel order manifested, ready for export ","2023-11-17 16:16:55"
16889P1115230000038030,NULL,"Parcel Order Scanned","2023-11-17 05:59:08"
16889P1115230000038030,NULL,"Parcel Data Received, Shipment In Route To US Export Warehouse","2023-11-15 17:42:19"
16889P1115230000038030,US,"Parcel order manifested, ready for export ","2023-11-17 16:17:30"
16889P1115230000038321,NULL,"Parcel Order Scanned","2023-11-17 05:57:00"
16889P1115230000038321,NULL,"Parcel Data Received, Shipment In Route To US Export Warehouse","2023-11-15 22:30:25"
16889P1115230000038321,US,"Parcel order manifested, ready for export ","2023-11-17 15:26:59"
16889P1115230000038208,NULL,"Parcel Order Scanned","2023-11-17 05:56:50"
